0,0,0,0,0,0
0,-1.1102e-16,0,-0.1908,0,-0.039381
-4.5886e-57,1.1102e-16,-1.4585e-22,-0.1908,5.9801e-18,-0.039381
0,0,0,-0.1908,-1.357e-22,-0.039381
0,1.0023e-06,4.451e-22,-0.1908,4.2463e-23,-0.039381
5.1769e-31,9.5236e-07,2.9605e-21,-0.1908,2.8244e-22,-0.039381
1.6652e-15,1.4179e-06,-6.29e-10,-0.1908,-4.7771e-10,-0.039381
2.6646e-15,1.9749e-06,-6.2901e-10,-0.1908,-4.7771e-10,-0.039381
9.8812e-15,2.6227e-06,-1.5009e-09,-0.1908,-1.3008e-09,-0.039381
2.1205e-14,3.3608e-06,-2.2177e-09,-0.1908,-1.9921e-09,-0.039381
4.8628e-14,4.1887e-06,-3.6662e-09,-0.19081,-3.4136e-09,-0.039381
9.992e-14,5.1058e-06,-5.5195e-09,-0.19081,-5.2583e-09,-0.039381
1.9562e-13,6.1115e-06,-8.2502e-09,-0.19081,-8.0084e-09,-0.039381
3.5993e-13,7.2052e-06,-1.1878e-08,-0.19081,-1.1698e-08,-0.03938
6.4049e-13,8.3865e-06,-1.679e-08,-0.19082,-1.6738e-08,-0.03938
1.0945e-12,9.6548e-06,-2.3208e-08,-0.19082,-2.3372e-08,-0.03938
1.8125e-12,1.1009e-05,-3.1536e-08,-0.19083,-3.2034e-08,-0.03938
2.919e-12,1.245e-05,-4.2171e-08,-0.19084,-4.316e-08,-0.03938
4.5827e-12,1.3976e-05,-5.5596e-08,-0.19084,-5.7277e-08,-0.03938
7.0335e-12,1.5587e-05,-7.2356e-08,-0.19085,-7.498e-08,-0.03938
1.0577e-11,1.7281e-05,-9.3072e-08,-0.19086,-9.6951e-08,-0.039379
1.5614e-11,1.906e-05,-1.1845e-07,-0.19087,-1.2396e-07,-0.039379
2.2659e-11,2.0922e-05,-1.4927e-07,-0.19089,-1.5688e-07,-0.039379
3.2379e-11,2.2866e-05,-1.8641e-07,-0.1909,-1.9667e-07,-0.039379
4.5613e-11,2.4892e-05,-2.3086e-07,-0.19091,-2.4443e-07,-0.039379
6.3416e-11,2.7e-05,-2.8371e-07,-0.19093,-3.0135e-07,-0.039378
8.7099e-11,2.9189e-05,-3.4615e-07,-0.19095,-3.6877e-07,-0.039378
1.1828e-10,3.1458e-05,-4.1952e-07,-0.19097,-4.4815e-07,-0.039378
1.5894e-10,3.3807e-05,-5.0526e-07,-0.19099,-5.4112e-07,-0.039378
2.1149e-10,3.6235e-05,-6.0496e-07,-0.19101,-6.4943e-07,-0.039377
2.7884e-10,3.8743e-05,-7.2035e-07,-0.19103,-7.7501e-07,-0.039377
3.6447e-10,4.1328e-05,-8.5332e-07,-0.19106,-9.1996e-07,-0.039377
4.7256e-10,4.3991e-05,-1.0059e-06,-0.19109,-1.0866e-06,-0.039377
6.0804e-10,4.6732e-05,-1.1803e-06,-0.19112,-1.2773e-06,-0.039376
7.7675e-10,4.9549e-05,-1.379e-06,-0.19115,-1.4948e-06,-0.039376
9.8554e-10,5.2442e-05,-1.6044e-06,-0.19118,-1.7419e-06,-0.039376
1.2424e-09,5.5411e-05,-1.8593e-06,-0.19122,-2.0218e-06,-0.039376
8.2723e-10,5.8455e-05,-2.1253e-06,-0.19125,-2.348e-06,-0.039375
9.5468e-10,6.1574e-05,-2.2687e-06,-0.19129,-2.5081e-06,-0.039375
1.1079e-09,6.4767e-05,-2.4407e-06,-0.19134,-2.7002e-06,-0.039375
1.2792e-09,6.8033e-05,-2.6174e-06,-0.19138,-2.8978e-06,-0.039374
1.472e-09,7.1372e-05,-2.8027e-06,-0.19143,-3.1053e-06,-0.039374
1.688e-09,7.4783e-05,-2.9962e-06,-0.19147,-3.3221e-06,-0.039374
1.9295e-09,7.8267e-05,-3.1982e-06,-0.19153,-3.5486e-06,-0.039374
2.1987e-09,8.1822e-05,-3.4088e-06,-0.19158,-3.785e-06,-0.039373
2.4981e-09,8.5448e-05,-3.6281e-06,-0.19163,-4.0314e-06,-0.039373
2.8303e-09,8.9144e-05,-3.8563e-06,-0.19169,-4.2879e-06,-0.039373
3.1979e-09,9.291e-05,-4.0936e-06,-0.19175,-4.5549e-06,-0.039372
3.604e-09,9.6746e-05,-4.3401e-06,-0.19182,-4.8323e-06,-0.039372
4.0514e-09,0.00010065,-4.5959e-06,-0.19188,-5.1205e-06,-0.039372
4.5436e-09,0.00010462,-4.8611e-06,-0.19195,-5.4195e-06,-0.039371
5.0838e-09,0.00010866,-5.1361e-06,-0.19203,-5.7296e-06,-0.039371
5.6756e-09,0.00011277,-5.4207e-06,-0.1921,-6.0509e-06,-0.039371
6.3229e-09,0.00011695,-5.7153e-06,-0.19218,-6.3836e-06,-0.039371
7.0295e-09,0.00012119,-6.0199e-06,-0.19226,-6.7277e-06,-0.03937
7.7997e-09,0.00012549,-6.3347e-06,-0.19234,-7.0836e-06,-0.03937
8.6377e-09,0.00012987,-6.6598e-06,-0.19243,-7.4513e-06,-0.03937
9.5481e-09,0.0001343,-6.9953e-06,-0.19252,-7.831e-06,-0.03937
1.0536e-08,0.0001388,-7.3414e-06,-0.19261,-8.2228e-06,-0.03937
1.1606e-08,0.00014337,-7.6982e-06,-0.19271,-8.627e-06,-0.039369
1.2763e-08,0.000148,-8.0658e-06,-0.1928,-9.0436e-06,-0.039369
1.4013e-08,0.00015269,-8.4444e-06,-0.19291,-9.4728e-06,-0.039369
1.5361e-08,0.00015744,-8.834e-06,-0.19301,-9.9147e-06,-0.039369
1.6814e-08,0.00016225,-9.2348e-06,-0.19312,-1.037e-05,-0.039369
1.8378e-08,0.00016713,-9.647e-06,-0.19323,-1.0837e-05,-0.039369
2.0058e-08,0.00017207,-1.0071e-05,-0.19335,-1.1318e-05,-0.039369
2.1862e-08,0.00017706,-1.0506e-05,-0.19347,-1.1813e-05,-0.039369
2.3796e-08,0.00018212,-1.0952e-05,-0.19359,-1.2321e-05,-0.039369
2.5868e-08,0.00018724,-1.1411e-05,-0.19371,-1.2842e-05,-0.039369
2.8085e-08,0.00019241,-1.1881e-05,-0.19384,-1.3377e-05,-0.039369
3.0454e-08,0.00019765,-1.2364e-05,-0.19398,-1.3926e-05,-0.039369
3.2985e-08,0.00020294,-1.2858e-05,-0.19411,-1.4489e-05,-0.039369
3.5684e-08,0.00020829,-1.3365e-05,-0.19425,-1.5066e-05,-0.039369
3.856e-08,0.00021369,-1.3884e-05,-0.1944,-1.5657e-05,-0.03937
4.1623e-08,0.00021915,-1.4416e-05,-0.19455,-1.6263e-05,-0.03937
4.4881e-08,0.00022467,-1.496e-05,-0.1947,-1.6883e-05,-0.03937
4.8343e-08,0.00023024,-1.5516e-05,-0.19485,-1.7517e-05,-0.039371
5.202e-08,0.00023587,-1.6086e-05,-0.19501,-1.8166e-05,-0.039371
5.5922e-08,0.00024155,-1.6668e-05,-0.19517,-1.8831e-05,-0.039372
6.0058e-08,0.00024729,-1.7263e-05,-0.19534,-1.951e-05,-0.039372
6.444e-08,0.00025308,-1.7871e-05,-0.19551,-2.0204e-05,-0.039373
6.9078e-08,0.00025892,-1.8492e-05,-0.19569,-2.0913e-05,-0.039374
7.3983e-08,0.00026482,-1.9127e-05,-0.19586,-2.1637e-05,-0.039374
7.9168e-08,0.00027076,-1.9774e-05,-0.19605,-2.2377e-05,-0.039375
8.4643e-08,0.00027676,-2.0435e-05,-0.19623,-2.3132e-05,-0.039376
9.0423e-08,0.00028281,-2.111e-05,-0.19642,-2.3903e-05,-0.039377
9.6518e-08,0.00028891,-2.1798e-05,-0.19662,-2.469e-05,-0.039378
1.0294e-07,0.00029506,-2.2499e-05,-0.19682,-2.5492e-05,-0.03938
1.0971e-07,0.00030126,-2.3215e-05,-0.19702,-2.631e-05,-0.039381
1.1683e-07,0.00030751,-2.3944e-05,-0.19723,-2.7144e-05,-0.039382
1.2432e-07,0.00031381,-2.4686e-05,-0.19744,-2.7995e-05,-0.039384
1.322e-07,0.00032016,-2.5443e-05,-0.19766,-2.8861e-05,-0.039386
1.4047e-07,0.00032655,-2.6214e-05,-0.19788,-2.9743e-05,-0.039387
1.4916e-07,0.00033299,-2.6999e-05,-0.1981,-3.0642e-05,-0.039389
1.5827e-07,0.00033948,-2.7797e-05,-0.19833,-3.1557e-05,-0.039391
1.6784e-07,0.00034602,-2.861e-05,-0.19856,-3.2489e-05,-0.039393
1.7786e-07,0.0003526,-2.9438e-05,-0.1988,-3.3437e-05,-0.039396
1.8836e-07,0.00035922,-3.0279e-05,-0.19904,-3.4402e-05,-0.039398
1.9935e-07,0.0003659,-3.1135e-05,-0.19929,-3.5384e-05,-0.0394
2.1086e-07,0.00037261,-3.2006e-05,-0.19954,-3.6382e-05,-0.039403
2.2289e-07,0.00037937,-3.289e-05,-0.19979,-3.7397e-05,-0.039406
2.3547e-07,0.00038617,-3.379e-05,-0.20005,-3.8429e-05,-0.039409
2.4862e-07,0.00039302,-3.4704e-05,-0.20031,-3.9478e-05,-0.039412
2.6235e-07,0.00039991,-3.5632e-05,-0.20058,-4.0544e-05,-0.039415
2.7668e-07,0.00040684,-3.6576e-05,-0.20085,-4.1627e-05,-0.039419
2.9164e-07,0.00041382,-3.7534e-05,-0.20113,-4.2728e-05,-0.039423
3.0724e-07,0.00042083,-3.8507e-05,-0.20141,-4.3846e-05,-0.039426
3.235e-07,0.00042789,-3.9494e-05,-0.2017,-4.498e-05,-0.039431
3.4044e-07,0.00043499,-4.0497e-05,-0.20199,-4.6133e-05,-0.039435
3.5809e-07,0.00044212,-4.1514e-05,-0.20228,-4.7302e-05,-0.039439
3.7646e-07,0.0004493,-4.2547e-05,-0.20258,-4.849e-05,-0.039444
3.9558e-07,0.00045651,-4.3594e-05,-0.20289,-4.9694e-05,-0.039449
4.1547e-07,0.00046377,-4.4656e-05,-0.2032,-5.0916e-05,-0.039454
4.3616e-07,0.00047106,-4.5734e-05,-0.20351,-5.2156e-05,-0.039459
4.5765e-07,0.00047839,-4.6826e-05,-0.20383,-5.3414e-05,-0.039465
4.7999e-07,0.00048576,-4.7934e-05,-0.20415,-5.4689e-05,-0.039471
5.0319e-07,0.00049316,-4.9057e-05,-0.20448,-5.5982e-05,-0.039477
5.2727e-07,0.00050061,-5.0195e-05,-0.20481,-5.7292e-05,-0.039483
5.5226e-07,0.00050808,-5.1348e-05,-0.20515,-5.8621e-05,-0.03949
5.7819e-07,0.0005156,-5.2516e-05,-0.20549,-5.9967e-05,-0.039497
6.0508e-07,0.00052315,-5.37e-05,-0.20584,-6.1331e-05,-0.039504
6.3295e-07,0.00053073,-5.4898e-05,-0.20619,-6.2713e-05,-0.039512
6.6184e-07,0.00053835,-5.6113e-05,-0.20654,-6.4113e-05,-0.039519
6.9176e-07,0.000546,-5.7342e-05,-0.2069,-6.5531e-05,-0.039527
7.2275e-07,0.00055368,-5.8587e-05,-0.20727,-6.6967e-05,-0.039536
7.5483e-07,0.0005614,-5.9847e-05,-0.20764,-6.8421e-05,-0.039545
7.8803e-07,0.00056915,-6.1122e-05,-0.20801,-6.9893e-05,-0.039554
8.2237e-07,0.00057693,-6.2413e-05,-0.20839,-7.1383e-05,-0.039563
8.579e-07,0.00058475,-6.3719e-05,-0.20878,-7.2891e-05,-0.039573
8.9462e-07,0.0005926,-6.504e-05,-0.20917,-7.4417e-05,-0.039583
9.3258e-07,0.00060047,-6.6377e-05,-0.20956,-7.5961e-05,-0.039594
9.718e-07,0.00060838,-6.7729e-05,-0.20996,-7.7524e-05,-0.039605
1.0123e-06,0.00061632,-6.9096e-05,-0.21036,-7.9104e-05,-0.039616
1.0541e-06,0.00062429,-7.0479e-05,-0.21077,-8.0703e-05,-0.039628
1.0973e-06,0.00063228,-7.1877e-05,-0.21118,-8.2319e-05,-0.03964
1.1419e-06,0.00064031,-7.329e-05,-0.2116,-8.3954e-05,-0.039652
1.1879e-06,0.00064836,-7.4719e-05,-0.21202,-8.5607e-05,-0.039665
1.2353e-06,0.00065644,-7.6163e-05,-0.21245,-8.7278e-05,-0.039678
1.2842e-06,0.00066455,-7.7622e-05,-0.21288,-8.8967e-05,-0.039692
1.3346e-06,0.00067269,-7.9097e-05,-0.21331,-9.0675e-05,-0.039707
1.3866e-06,0.00068085,-8.0587e-05,-0.21376,-9.24e-05,-0.039721
1.4401e-06,0.00068905,-8.2092e-05,-0.2142,-9.4144e-05,-0.039736
1.4953e-06,0.00069726,-8.3612e-05,-0.21465,-9.5906e-05,-0.039752
1.552e-06,0.0007055,-8.5148e-05,-0.21511,-9.7686e-05,-0.039768
1.6105e-06,0.00071377,-8.6699e-05,-0.21557,-9.9484e-05,-0.039785
1.6706e-06,0.00072206,-8.8265e-05,-0.21603,-0.0001013,-0.039802
1.7326e-06,0.00073038,-8.9846e-05,-0.2165,-0.00010313,-0.03982
1.7962e-06,0.00073872,-9.1442e-05,-0.21698,-0.00010499,-0.039838
1.8617e-06,0.00074708,-9.3054e-05,-0.21745,-0.00010686,-0.039857
1.9291e-06,0.00075547,-9.468e-05,-0.21794,-0.00010874,-0.039877
1.9983e-06,0.00076388,-9.6322e-05,-0.21843,-0.00011065,-0.039897
2.0694e-06,0.00077231,-9.7978e-05,-0.21892,-0.00011257,-0.039917
2.1425e-06,0.00078076,-9.965e-05,-0.21942,-0.00011452,-0.039938
2.2176e-06,0.00078924,-0.00010134,-0.21992,-0.00011648,-0.03996
2.2948e-06,0.00079773,-0.00010304,-0.22043,-0.00011846,-0.039983
2.3739e-06,0.00080625,-0.00010475,-0.22094,-0.00012045,-0.040006
2.4552e-06,0.00081479,-0.00010649,-0.22146,-0.00012246,-0.040029
2.5387e-06,0.00082335,-0.00010823,-0.22198,-0.0001245,-0.040054
2.6243e-06,0.00083192,-0.00010999,-0.22251,-0.00012655,-0.040079
2.7121e-06,0.00084052,-0.00011177,-0.22304,-0.00012861,-0.040104
2.8022e-06,0.00084914,-0.00011356,-0.22357,-0.0001307,-0.040131
2.8945e-06,0.00085777,-0.00011536,-0.22411,-0.0001328,-0.040158
2.9892e-06,0.00086642,-0.00011718,-0.22466,-0.00013492,-0.040186
3.0863e-06,0.00087509,-0.00011902,-0.22521,-0.00013706,-0.040214
3.1858e-06,0.00088378,-0.00012087,-0.22576,-0.00013921,-0.040243
3.2877e-06,0.00089248,-0.00012273,-0.22632,-0.00014139,-0.040274
3.3922e-06,0.0009012,-0.00012461,-0.22689,-0.00014358,-0.040304
3.4991e-06,0.00090994,-0.0001265,-0.22746,-0.00014578,-0.040336
3.6086e-06,0.00091869,-0.0001284,-0.22803,-0.00014801,-0.040368
3.7208e-06,0.00092746,-0.00013032,-0.22861,-0.00015025,-0.040402
3.8355e-06,0.00093624,-0.00013226,-0.2292,-0.00015251,-0.040436
3.953e-06,0.00094503,-0.00013421,-0.22978,-0.00015479,-0.040471
4.0732e-06,0.00095385,-0.00013617,-0.23038,-0.00015708,-0.040507
4.1962e-06,0.00096267,-0.00013815,-0.23098,-0.00015939,-0.040543
4.322e-06,0.00097151,-0.00014014,-0.23158,-0.00016172,-0.040581
4.4506e-06,0.00098036,-0.00014214,-0.23219,-0.00016407,-0.040619
4.5822e-06,0.00098923,-0.00014416,-0.2328,-0.00016643,-0.040659
4.7166e-06,0.0009981,-0.00014619,-0.23342,-0.00016881,-0.040699
4.8541e-06,0.001007,-0.00014824,-0.23404,-0.00017121,-0.040741
4.9946e-06,0.0010159,-0.0001503,-0.23467,-0.00017362,-0.040783
5.1381e-06,0.0010248,-0.00015237,-0.2353,-0.00017605,-0.040826
5.2848e-06,0.0010337,-0.00015445,-0.23594,-0.0001785,-0.040871
5.4346e-06,0.0010427,-0.00015655,-0.23658,-0.00018096,-0.040916
5.5875e-06,0.0010516,-0.00015867,-0.23723,-0.00018344,-0.040962
5.7438e-06,0.0010606,-0.00016079,-0.23788,-0.00018593,-0.04101
5.9033e-06,0.0010695,-0.00016293,-0.23854,-0.00018845,-0.041058
6.0661e-06,0.0010785,-0.00016509,-0.2392,-0.00019098,-0.041108
6.2323e-06,0.0010875,-0.00016725,-0.23987,-0.00019352,-0.041159
6.4019e-06,0.0010965,-0.00016943,-0.24054,-0.00019608,-0.041211
6.5749e-06,0.0011055,-0.00017162,-0.24122,-0.00019866,-0.041264
6.7514e-06,0.0011145,-0.00017383,-0.2419,-0.00020125,-0.041318
6.9315e-06,0.0011235,-0.00017605,-0.24259,-0.00020386,-0.041373
7.1151e-06,0.0011325,-0.00017828,-0.24328,-0.00020649,-0.04143
7.3024e-06,0.0011415,-0.00018052,-0.24398,-0.00020913,-0.041488
7.4933e-06,0.0011506,-0.00018277,-0.24468,-0.00021179,-0.041547
7.6879e-06,0.0011596,-0.00018504,-0.24539,-0.00021446,-0.041608
7.8863e-06,0.0011686,-0.00018732,-0.24611,-0.00021715,-0.041669
8.0885e-06,0.0011777,-0.00018961,-0.24683,-0.00021985,-0.041733
8.2945e-06,0.0011867,-0.00019192,-0.24755,-0.00022257,-0.041797
8.5044e-06,0.0011958,-0.00019423,-0.24828,-0.0002253,-0.041863
8.7183e-06,0.0012049,-0.00019656,-0.24902,-0.00022805,-0.04193
8.936e-06,0.0012139,-0.0001989,-0.24976,-0.00023082,-0.041999
9.1579e-06,0.001223,-0.00020126,-0.25051,-0.0002336,-0.042069
9.3837e-06,0.0012321,-0.00020362,-0.25126,-0.00023639,-0.042141
9.6137e-06,0.0012411,-0.000206,-0.25202,-0.0002392,-0.042214
9.8478e-06,0.0012502,-0.00020838,-0.25279,-0.00024203,-0.042289
1.0086e-05,0.0012593,-0.00021078,-0.25356,-0.00024487,-0.042365
1.0329e-05,0.0012684,-0.00021319,-0.25434,-0.00024772,-0.042443
1.0575e-05,0.0012775,-0.00021562,-0.25512,-0.00025059,-0.042522
1.0827e-05,0.0012866,-0.00021805,-0.25591,-0.00025347,-0.042603
1.1082e-05,0.0012956,-0.0002205,-0.2567,-0.00025637,-0.042686
1.1342e-05,0.0013047,-0.00022295,-0.2575,-0.00025928,-0.042771
1.1606e-05,0.0013138,-0.00022542,-0.25831,-0.00026221,-0.042857
1.1875e-05,0.0013229,-0.0002279,-0.25913,-0.00026515,-0.042945
1.2149e-05,0.001332,-0.00023038,-0.25995,-0.00026811,-0.043035
1.2427e-05,0.0013411,-0.00023288,-0.26077,-0.00027107,-0.043127
1.2709e-05,0.0013502,-0.00023539,-0.26161,-0.00027406,-0.04322
1.2996e-05,0.0013592,-0.00023791,-0.26245,-0.00027705,-0.043316
1.3288e-05,0.0013683,-0.00024045,-0.2633,-0.00028006,-0.043414
1.3585e-05,0.0013774,-0.00024299,-0.26415,-0.00028308,-0.043513
1.3887e-05,0.0013865,-0.00024554,-0.26501,-0.00028612,-0.043615
1.4193e-05,0.0013956,-0.0002481,-0.26588,-0.00028917,-0.043718
1.4504e-05,0.0014046,-0.00025067,-0.26675,-0.00029223,-0.043824
1.482e-05,0.0014137,-0.00025326,-0.26764,-0.00029531,-0.043932
1.5142e-05,0.0014228,-0.00025585,-0.26853,-0.0002984,-0.044042
1.5468e-05,0.0014318,-0.00025845,-0.26942,-0.0003015,-0.044154
1.5799e-05,0.0014409,-0.00026106,-0.27033,-0.00030461,-0.044269
1.6135e-05,0.0014499,-0.00026369,-0.27124,-0.00030774,-0.044386
1.6477e-05,0.001459,-0.00026632,-0.27216,-0.00031088,-0.044505
1.6824e-05,0.001468,-0.00026896,-0.27309,-0.00031403,-0.044627
1.7175e-05,0.0014771,-0.00027161,-0.27403,-0.0003172,-0.044751
1.7533e-05,0.0014861,-0.00027427,-0.27497,-0.00032037,-0.044878
1.7895e-05,0.0014951,-0.00027694,-0.27592,-0.00032356,-0.045007
1.8263e-05,0.0015041,-0.00027962,-0.27688,-0.00032676,-0.045139
1.8636e-05,0.0015131,-0.0002823,-0.27785,-0.00032998,-0.045274
1.9015e-05,0.0015221,-0.000285,-0.27883,-0.0003332,-0.045411
1.9399e-05,0.0015311,-0.00028771,-0.27982,-0.00033644,-0.045551
1.9789e-05,0.0015401,-0.00029042,-0.28081,-0.00033968,-0.045694
2.0184e-05,0.0015491,-0.00029314,-0.28182,-0.00034294,-0.045839
2.0585e-05,0.0015581,-0.00029588,-0.28283,-0.00034621,-0.045988
2.0992e-05,0.001567,-0.00029862,-0.28385,-0.0003495,-0.04614
2.1404e-05,0.001576,-0.00030137,-0.28489,-0.00035279,-0.046295
2.1822e-05,0.0015849,-0.00030412,-0.28593,-0.00035609,-0.046453
2.2246e-05,0.0015939,-0.00030689,-0.28698,-0.00035941,-0.046614
2.2675e-05,0.0016028,-0.00030966,-0.28804,-0.00036273,-0.046778
2.3111e-05,0.0016117,-0.00031245,-0.28911,-0.00036607,-0.046946
2.3552e-05,0.0016206,-0.00031524,-0.29019,-0.00036942,-0.047117
2.4e-05,0.0016295,-0.00031804,-0.29128,-0.00037277,-0.047291
2.4453e-05,0.0016384,-0.00032084,-0.29238,-0.00037614,-0.047469
2.4913e-05,0.0016473,-0.00032366,-0.29349,-0.00037952,-0.04765
2.5378e-05,0.0016561,-0.00032648,-0.29462,-0.00038291,-0.047836
2.585e-05,0.001665,-0.00032931,-0.29575,-0.00038631,-0.048025
2.6328e-05,0.0016738,-0.00033215,-0.29689,-0.00038971,-0.048217
2.6812e-05,0.0016827,-0.000335,-0.29805,-0.00039313,-0.048414
2.7303e-05,0.0016915,-0.00033785,-0.29921,-0.00039656,-0.048614
2.7799e-05,0.0017003,-0.00034071,-0.30039,-0.0004,-0.048819
2.8302e-05,0.0017091,-0.00034358,-0.30158,-0.00040344,-0.049028
2.8812e-05,0.0017178,-0.00034646,-0.30278,-0.0004069,-0.049241
2.9328e-05,0.0017266,-0.00034934,-0.30399,-0.00041037,-0.049458
2.985e-05,0.0017353,-0.00035224,-0.30522,-0.00041384,-0.049679
3.0379e-05,0.0017441,-0.00035513,-0.30645,-0.00041732,-0.049905
3.0915e-05,0.0017528,-0.00035804,-0.3077,-0.00042082,-0.050136
3.1457e-05,0.0017615,-0.00036095,-0.30896,-0.00042432,-0.050371
3.2006e-05,0.0017702,-0.00036387,-0.31024,-0.00042783,-0.05061
3.2562e-05,0.0017789,-0.0003668,-0.31152,-0.00043135,-0.050855
3.3125e-05,0.0017875,-0.00036974,-0.31282,-0.00043487,-0.051104
3.3694e-05,0.0017961,-0.00037268,-0.31414,-0.00043841,-0.051359
3.427e-05,0.0018048,-0.00037563,-0.31546,-0.00044195,-0.051618
3.4854e-05,0.0018134,-0.00037859,-0.3168,-0.00044551,-0.051883
3.5444e-05,0.001822,-0.00038155,-0.31816,-0.00044907,-0.052153
3.6041e-05,0.0018305,-0.00038452,-0.31952,-0.00045264,-0.052428
3.6646e-05,0.0018391,-0.0003875,-0.3209,-0.00045622,-0.052709
3.7257e-05,0.0018476,-0.00039048,-0.3223,-0.0004598,-0.052995
3.7876e-05,0.0018562,-0.00039347,-0.32371,-0.0004634,-0.053287
3.8502e-05,0.0018647,-0.00039647,-0.32513,-0.000467,-0.053585
3.9136e-05,0.0018732,-0.00039948,-0.32657,-0.00047061,-0.053889
3.9777e-05,0.0018816,-0.00040249,-0.32803,-0.00047422,-0.054199
4.0425e-05,0.0018901,-0.00040551,-0.3295,-0.00047785,-0.054514
4.1081e-05,0.0018985,-0.00040854,-0.33098,-0.00048148,-0.054837
4.1745e-05,0.0019069,-0.00041157,-0.33248,-0.00048512,-0.055165
4.2416e-05,0.0019153,-0.00041461,-0.33399,-0.00048877,-0.0555
4.3095e-05,0.0019237,-0.00041766,-0.33553,-0.00049242,-0.055842
4.3781e-05,0.001932,-0.00042071,-0.33707,-0.00049609,-0.05619
4.4476e-05,0.0019404,-0.00042378,-0.33864,-0.00049976,-0.056545
4.5178e-05,0.0019487,-0.00042685,-0.34022,-0.00050343,-0.056907
4.5889e-05,0.001957,-0.00042992,-0.34181,-0.00050712,-0.057277
4.6608e-05,0.0019652,-0.00043301,-0.34343,-0.00051081,-0.057653
4.7334e-05,0.0019735,-0.0004361,-0.34506,-0.00051451,-0.058037
4.8069e-05,0.0019817,-0.0004392,-0.34671,-0.00051822,-0.058429
4.8813e-05,0.0019899,-0.0004423,-0.34837,-0.00052193,-0.058828
4.9564e-05,0.0019981,-0.00044542,-0.35005,-0.00052565,-0.059235
5.0324e-05,0.0020062,-0.00044854,-0.35175,-0.00052938,-0.05965
5.1093e-05,0.0020144,-0.00045167,-0.35347,-0.00053312,-0.060073
5.1871e-05,0.0020225,-0.00045481,-0.35521,-0.00053686,-0.060504
5.2657e-05,0.0020306,-0.00045795,-0.35697,-0.00054061,-0.060944
5.3452e-05,0.0020387,-0.00046111,-0.35874,-0.00054437,-0.061392
5.4256e-05,0.0020467,-0.00046427,-0.36054,-0.00054814,-0.061849
5.5069e-05,0.0020547,-0.00046744,-0.36235,-0.00055191,-0.062315
5.5891e-05,0.0020627,-0.00047062,-0.36419,-0.00055569,-0.06279
5.6722e-05,0.0020707,-0.0004738,-0.36604,-0.00055948,-0.063275
5.7563e-05,0.0020787,-0.000477,-0.36791,-0.00056327,-0.063769
5.8413e-05,0.0020866,-0.0004802,-0.36981,-0.00056708,-0.064272
5.9273e-05,0.0020945,-0.00048342,-0.37172,-0.00057089,-0.064786
6.0143e-05,0.0021024,-0.00048664,-0.37366,-0.0005747,-0.065309
6.1022e-05,0.0021102,-0.00048987,-0.37562,-0.00057853,-0.065843
6.1911e-05,0.002118,-0.00049311,-0.3776,-0.00058236,-0.066387
6.2811e-05,0.0021258,-0.00049636,-0.3796,-0.0005862,-0.066942
6.372e-05,0.0021336,-0.00049962,-0.38162,-0.00059005,-0.067507
6.464e-05,0.0021413,-0.00050289,-0.38367,-0.00059391,-0.068084
6.557e-05,0.0021491,-0.00050617,-0.38574,-0.00059777,-0.068672
6.6511e-05,0.0021568,-0.00050946,-0.38783,-0.00060165,-0.069271
6.7463e-05,0.0021644,-0.00051276,-0.38995,-0.00060553,-0.069883
6.8426e-05,0.0021721,-0.00051607,-0.39209,-0.00060942,-0.070506
6.9399e-05,0.0021797,-0.0005194,-0.39425,-0.00061332,-0.071142
7.0384e-05,0.0021873,-0.00052273,-0.39644,-0.00061722,-0.07179
7.1381e-05,0.0021948,-0.00052608,-0.39866,-0.00062114,-0.072451
7.2388e-05,0.0022024,-0.00052943,-0.4009,-0.00062506,-0.073125
7.3408e-05,0.0022099,-0.0005328,-0.40317,-0.00062899,-0.073812
7.4439e-05,0.0022173,-0.00053619,-0.40546,-0.00063293,-0.074513
7.5483e-05,0.0022248,-0.00053958,-0.40778,-0.00063688,-0.075228
7.6539e-05,0.0022322,-0.00054299,-0.41013,-0.00064084,-0.075957
7.7607e-05,0.0022396,-0.00054641,-0.41251,-0.00064481,-0.076701
7.8688e-05,0.0022469,-0.00054984,-0.41491,-0.00064879,-0.07746
7.9782e-05,0.0022543,-0.00055329,-0.41735,-0.00065277,-0.078233
8.0888e-05,0.0022616,-0.00055675,-0.41981,-0.00065677,-0.079023
8.2009e-05,0.0022688,-0.00056022,-0.42231,-0.00066078,-0.079828
8.3142e-05,0.0022761,-0.00056371,-0.42483,-0.00066479,-0.08065
8.4289e-05,0.0022833,-0.00056722,-0.42739,-0.00066882,-0.081489
8.5451e-05,0.0022905,-0.00057074,-0.42998,-0.00067285,-0.082344
8.6626e-05,0.0022976,-0.00057427,-0.4326,-0.0006769,-0.083218
8.7816e-05,0.0023047,-0.00057782,-0.43526,-0.00068096,-0.084109
8.902e-05,0.0023118,-0.00058139,-0.43795,-0.00068502,-0.085018
9.024e-05,0.0023189,-0.00058498,-0.44067,-0.0006891,-0.085947
9.1474e-05,0.0023259,-0.00058858,-0.44343,-0.00069319,-0.086894
9.2724e-05,0.0023329,-0.0005922,-0.44623,-0.00069728,-0.087862
9.399e-05,0.0023399,-0.00059583,-0.44906,-0.00070139,-0.08885
9.5271e-05,0.0023468,-0.00059949,-0.45194,-0.00070551,-0.089858
9.6569e-05,0.0023537,-0.00060316,-0.45485,-0.00070964,-0.090889
9.7883e-05,0.0023606,-0.00060685,-0.4578,-0.00071378,-0.091941
9.9215e-05,0.0023674,-0.00061057,-0.46079,-0.00071793,-0.093015
0.00010056,0.0023742,-0.0006143,-0.46382,-0.0007221,-0.094113
0.00010193,0.002381,-0.00061805,-0.4669,-0.00072627,-0.095235
0.00010331,0.0023877,-0.00062182,-0.47002,-0.00073045,-0.096381
0.00010471,0.0023944,-0.00062562,-0.47319,-0.00073465,-0.097552
0.00010613,0.0024011,-0.00062943,-0.4764,-0.00073885,-0.098749
0.00010757,0.0024077,-0.00063327,-0.47966,-0.00074307,-0.099972
0.00010903,0.0024143,-0.00063713,-0.48296,-0.0007473,-0.10122
0.00011051,0.0024209,-0.00064101,-0.48632,-0.00075154,-0.1025
0.000112,0.0024274,-0.00064492,-0.48973,-0.00075579,-0.10381
0.00011352,0.0024339,-0.00064885,-0.49319,-0.00076004,-0.10515
0.00011506,0.0024404,-0.0006528,-0.4967,-0.00076431,-0.10652
0.00011662,0.0024468,-0.00065678,-0.50027,-0.00076859,-0.10792
0.0001182,0.0024532,-0.00066079,-0.5039,-0.00077288,-0.10935
0.0001198,0.0024596,-0.00066482,-0.50759,-0.00077718,-0.11082
0.00012142,0.0024659,-0.00066887,-0.51133,-0.00078148,-0.11232
0.00012307,0.0024722,-0.00067295,-0.51514,-0.0007858,-0.11386
0.00012473,0.0024785,-0.00067706,-0.51902,-0.00079012,-0.11543
0.00012642,0.0024847,-0.00068119,-0.52296,-0.00079445,-0.11704
0.00012814,0.0024909,-0.00068536,-0.52696,-0.00079879,-0.1187
0.00012988,0.002497,-0.00068955,-0.53104,-0.00080313,-0.12039
0.00013164,0.0025032,-0.00069377,-0.53519,-0.00080748,-0.12213
0.00013342,0.0025092,-0.00069801,-0.53942,-0.00081184,-0.12391
0.00013523,0.0025153,-0.00070229,-0.54372,-0.00081619,-0.12573
0.00013707,0.0025213,-0.0007066,-0.5481,-0.00082055,-0.1276
0.00013893,0.0025273,-0.00071093,-0.55257,-0.00082491,-0.12952
0.00014082,0.0025332,-0.00071529,-0.55712,-0.00082927,-0.13149
0.00014273,0.0025391,-0.00071969,-0.56175,-0.00083363,-0.13352
0.00014467,0.0025449,-0.00072411,-0.56648,-0.00083799,-0.13559
0.00014664,0.0025508,-0.00072856,-0.57131,-0.00084234,-0.13773
0.00014863,0.0025566,-0.00073305,-0.57623,-0.00084669,-0.13992
0.00015066,0.0025623,-0.00073756,-0.58126,-0.00085103,-0.14217
0.0001527,0.002568,-0.0007421,-0.58639,-0.00085536,-0.14449
0.00015478,0.0025737,-0.00074668,-0.59163,-0.00085967,-0.14687
0.00015688,0.0025793,-0.00075128,-0.59698,-0.00086397,-0.14932
0.00015901,0.0025849,-0.00075591,-0.60245,-0.00086825,-0.15184
0.00016117,0.0025905,-0.00076057,-0.60804,-0.00087251,-0.15444
0.00016336,0.002596,-0.00076525,-0.61377,-0.00087674,-0.15711
0.00016557,0.0026015,-0.00076997,-0.61962,-0.00088095,-0.15986
0.00016781,0.0026069,-0.00077471,-0.62561,-0.00088512,-0.1627
0.00017008,0.0026123,-0.00077947,-0.63175,-0.00088925,-0.16563
0.00017238,0.0026177,-0.00078426,-0.63804,-0.00089334,-0.16864
0.0001747,0.002623,-0.00078907,-0.64449,-0.00089739,-0.17176
0.00017704,0.0026283,-0.0007939,-0.6511,-0.00090138,-0.17497
0.00017941,0.0026335,-0.00079875,-0.65788,-0.00090531,-0.17829
0.00018181,0.0026387,-0.00080361,-0.66484,-0.00090917,-0.18172
0.00018423,0.0026439,-0.00080849,-0.67199,-0.00091295,-0.18527
0.00018667,0.002649,-0.00081338,-0.67934,-0.00091666,-0.18894
0.00018912,0.0026541,-0.00081827,-0.68689,-0.00092027,-0.19274
0.0001916,0.0026592,-0.00082317,-0.69466,-0.00092378,-0.19667
0.00019409,0.0026642,-0.00082807,-0.70265,-0.00092718,-0.20075
0.0001966,0.0026691,-0.00083296,-0.71089,-0.00093045,-0.20497
0.00019911,0.0026741,-0.00083784,-0.71938,-0.00093358,-0.20935
0.00020164,0.0026789,-0.0008427,-0.72813,-0.00093656,-0.2139
0.00020416,0.0026838,-0.00084754,-0.73716,-0.00093938,-0.21863
0.00020669,0.0026886,-0.00085234,-0.74649,-0.00094201,-0.22354
0.00020921,0.0026934,-0.0008571,-0.75613,-0.00094444,-0.22864
0.00021172,0.0026981,-0.00086181,-0.76609,-0.00094665,-0.23396
0.00021421,0.0027028,-0.00086645,-0.77641,-0.00094861,-0.2395
0.00021667,0.0027074,-0.00087101,-0.7871,-0.00095031,-0.24528
0.0002191,0.002712,-0.00087549,-0.79818,-0.00095171,-0.2513
0.00022149,0.0027166,-0.00087985,-0.80967,-0.00095279,-0.2576
0.00022382,0.0027211,-0.00088409,-0.82161,-0.00095352,-0.26418
0.00022608,0.0027256,-0.00088818,-0.83403,-0.00095385,-0.27106
0.00022827,0.00273,-0.0008921,-0.84695,-0.00095377,-0.27827
0.00023035,0.0027344,-0.00089582,-0.8604,-0.00095321,-0.28583
0.00023232,0.0027387,-0.00089931,-0.87444,-0.00095215,-0.29376
0.00023415,0.002743,-0.00090253,-0.88909,-0.00095052,-0.3021
0.00023582,0.0027473,-0.00090545,-0.90441,-0.00094828,-0.31087
0.0002373,0.0027515,-0.00090802,-0.92044,-0.00094536,-0.32011
0.00023856,0.0027557,-0.00091019,-0.93725,-0.00094171,-0.32986
0.00023955,0.0027598,-0.0009119,-0.95488,-0.00093724,-0.34015
0.00024024,0.0027639,-0.00091308,-0.97342,-0.0009319,-0.35104
0.00024058,0.002768,-0.00091366,-0.99292,-0.00092558,-0.36257
0.00024051,0.002772,-0.00091355,-1.0135,-0.00091821,-0.3748
0.00023997,0.002776,-0.00091264,-1.0352,-0.00090967,-0.3878
0.00023887,0.0027799,-0.00091082,-1.0582,-0.00089988,-0.40164
0.00023713,0.0027838,-0.00090795,-1.0825,-0.0008887,-0.4164
0.00023464,0.0027876,-0.00090387,-1.1084,-0.00087603,-0.43218
0.00023128,0.0027914,-0.00089841,-1.1359,-0.00086174,-0.44906
0.00022691,0.0027951,-0.00089134,-1.1652,-0.00084568,-0.46718
0.00022137,0.0027988,-0.00088242,-1.1966,-0.00082774,-0.48666
0.00021445,0.0028025,-0.00087135,-1.2301,-0.00080776,-0.50767
0.00020592,0.0028061,-0.0008578,-1.2662,-0.00078562,-0.53036
0.00019551,0.0028097,-0.00084136,-1.305,-0.00076121,-0.55494
0.0001829,0.0028132,-0.00082157,-1.3469,-0.00073443,-0.58164
0.00016771,0.0028167,-0.00079788,-1.3923,-0.00070523,-0.61073
0.0001495,0.0028202,-0.00076964,-1.4415,-0.00067362,-0.64251
0.00012774,0.0028236,-0.00073612,-1.4952,-0.00063972,-0.67735
0.00010183,0.0028269,-0.00069645,-1.5538,-0.00060374,-0.71565
7.108e-05,0.0028303,-0.00064964,-1.6181,-0.00056611,-0.75791
3.4699e-05,0.0028335,-0.00059462,-1.6889,-0.0005275,-0.80471
-8.1596e-06,0.0028368,-0.00053019,-1.767,-0.0004889,-0.85672
-5.8372e-05,0.00284,-0.00045517,-1.8537,-0.0004517,-0.91475
-0.00011674,0.0028431,-0.0003685,-1.9502,-0.00041778,-0.97976
-0.00018379,0.0028462,-0.00026955,-2.0581,-0.00038947,-1.0529
-0.00025946,0.0028493,-0.00015859,-2.1793,-0.00036937,-1.1356
-0.00034242,0.0028523,-3.7679e-05,-2.316,-0.00035976,-1.2294
-0.00042907,0.0028553,8.7805e-05,-2.4712,-0.00036114,-1.3366
-0.00051175,0.0028582,0.00020674,-2.6483,-0.00036906,-1.4595
-0.00057596,0.0028611,0.00029841,-2.8515,-0.00036786,-1.6016
-0.00059641,0.0028639,0.00032712,-3.0865,-0.00031881,-1.7668
-0.00053271,0.0028667,0.00023642,-3.3604,-0.00014023,-1.9606
-0.00032892,0.0028693,-5.0922e-05,-3.6827,0.00031918,-2.19
6.7839e-05,0.0028719,-0.00060629,-4.0659,0.0012927,-2.4644
0.00062617,0.0028744,-0.0013822,-4.5275,0.002998,-2.797
0.00097805,0.0028769,-0.0018656,-5.0921,0.0051113,-3.2062
-0.00022923,0.0028798,-0.00019803,-5.7953,0.0049093,-3.719
-0.0067233,0.0028839,0.0086922,-6.6909,-0.0080945,-4.376
-0.026962,0.0028912,0.036209,-7.8633,-0.065471,-5.2414
-0.076574,0.0029013,0.10322,-9.4507,-0.24897,-6.4203
-0.17635,0.0028943,0.23711,-11.702,-0.75013,-8.1028
-0.33118,0.0027854,0.44344,-15.233,-2.0289,-10.758
-0.43225,0.0025344,0.5766,-21.993,-6.1306,-15.883
1.2887,0.0048969,-1.702,12.162,57.853,9.4885
1.2918,0.0073667,-1.6952,11.988,57.725,9.5519
1.1996,0.0077476,-1.5739,8.3766,56.947,6.8165
0.71891,0.011384,-0.94374,-8.9541,50.323,-6.3219
0.49683,0.015018,-0.65533,-13.252,45.747,-9.7539
0.44391,0.016089,-0.5879,-14.634,44.585,-10.828
0.21694,0.018339,-0.29418,-20.399,39.628,-15.319
0.037933,0.020379,-0.064917,-24.437,35.322,-18.54
0.019564,0.020697,-0.042701,-24.727,34.876,-18.853
0.018583,0.02071,-0.041587,-24.194,34.838,-18.994
0.017713,0.02072,-0.040491,-24.151,34.811,-18.959
0.00098832,0.020877,-0.019418,-23.416,34.311,-18.372
-0.0013302,0.020901,-0.01664,-23.42,34.254,-18.382
-0.0011786,0.020901,-0.016845,-23.344,34.256,-18.35
-0.00022903,0.020894,-0.01802,-23.074,34.273,-18.287
-0.00024839,0.020896,-0.017989,-23.047,34.272,-18.315
0.018021,0.020727,-0.040338,-20.779,34.705,-16.891
0.030522,0.020611,-0.055405,-19.286,34.939,-15.663
0.029527,0.020621,-0.054112,-19.281,34.915,-15.661
0.027428,0.020643,-0.051599,-19.245,34.872,-15.652
0.025572,0.020662,-0.049398,-19.067,34.826,-15.587
0.020043,0.020718,-0.042847,-18.933,34.705,-15.624
0.018452,0.020735,-0.041009,-18.906,34.673,-15.635
0.016898,0.020752,-0.039197,-18.407,34.624,-15.62
0.026745,0.020654,-0.050693,-18.507,34.818,-15.711
0.023459,0.020688,-0.046816,-18.626,34.764,-15.821
0.019966,0.020725,-0.042813,-18.735,34.704,-15.931
0.016753,0.020759,-0.039156,-18.852,34.649,-16.081
0.14977,0.01931,-0.19089,-13.744,37.239,-11.964
0.15562,0.019236,-0.19662,-13.54,37.297,-11.761
0.10694,0.019812,-0.14184,-14.347,36.536,-12.476
-0.1011,0.022205,0.090684,-17.707,32.793,-15.499
-0.23547,0.023676,0.23903,-19.843,30.345,-17.436
-0.96642,0.028382,1.0505,-28.908,10.531,-25.912
-0.98348,0.027859,1.0645,-29.015,10.173,-26.069
-0.80467,0.027802,0.86741,-26.563,15.645,-23.889
0.30614,0.024239,-0.34665,-9.2251,35.012,-8.2574
0.33801,0.026455,-0.37596,-8.7841,35.223,-7.7538
0.31402,0.026631,-0.34985,-9.2,35.001,-8.1382
0.30522,0.026741,-0.34055,-9.3384,34.916,-8.283
0.30211,0.026782,-0.33729,-9.3508,34.882,-8.3518
0.3016,0.026791,-0.33677,-9.2039,34.874,-8.5165
0.30127,0.026796,-0.33643,-9.1618,34.857,-8.4817
0.28377,0.027026,-0.31806,-9.4446,34.676,-8.7544
0.2744,0.027172,-0.30838,-9.5706,34.577,-8.8938
0.26585,0.027306,-0.29957,-9.5885,34.466,-9.009
0.26541,0.02732,-0.29917,-9.5645,34.456,-9.0334
0.22879,0.027907,-0.26159,-9.3768,33.901,-9.6844
0.14371,0.029312,-0.17493,-10.639,32.822,-10.844
0.074633,0.030478,-0.10526,-11.724,32.03,-11.884
0.058005,0.030773,-0.088873,-11.985,31.85,-12.14
0.041986,0.031033,-0.072877,-12.436,31.667,-12.589
-0.12612,0.033597,0.095093,-16.913,30.097,-17.041
-0.32191,0.036252,0.28906,-21.066,27.346,-21.154
-0.31444,0.03609,0.28052,-20.862,27.514,-20.981
-0.30281,0.035967,0.26911,-20.723,27.699,-20.852
-0.27743,0.035709,0.24433,-20.4,28.142,-20.552
-0.22207,0.035171,0.1906,-19.688,29.093,-19.912
0.13742,0.031076,-0.15633,-14.229,34.463,-14.732
0.29012,0.029228,-0.30069,-11.736,36.536,-12.17
0.28683,0.029217,-0.29671,-11.828,36.521,-12.268
0.26982,0.029483,-0.28062,-12.144,36.319,-12.643
1.7556,-0.008025,-1.6693,17.592,54.222,17.292
1.8228,-0.011645,-1.7225,17.942,54.994,18.172
1.3799,0.0051587,-1.315,5.2114,53.392,4.6772
1.3736,0.0073255,-1.3101,4.9911,53.4,4.4362
1.333,0.0090355,-1.2728,3.9427,53.157,3.2771
1.2145,0.014324,-1.1645,1.0484,52.829,-0.63784
1.0149,0.023391,-0.98232,-3.9097,50.595,-5.7959
1.0658,0.021737,-1.0296,-2.5985,51.311,-4.439
0.60741,0.041352,-0.61147,-12.125,40.575,-14.126
0.60638,0.042607,-0.61238,-12.092,40.652,-14.109
0.61049,0.042432,-0.61611,-11.919,40.693,-13.975
0.35462,0.053005,-0.3847,-15.53,35.562,-18.255
0.50848,0.046966,-0.52451,-13.028,38.22,-15.703
0.31635,0.054966,-0.35162,-17.008,36.159,-19.909
0.19584,0.060093,-0.24484,-18.888,33.94,-21.866
0.15083,0.061972,-0.20536,-19.597,33.027,-22.644
0.16699,0.06135,-0.21991,-19.438,33.338,-22.814
0.16223,0.061535,-0.21564,-19.455,33.231,-22.851
0.15293,0.061912,-0.20753,-19.507,33.036,-22.987
0.11155,0.063589,-0.17154,-19.216,32.097,-23.576
0.19979,0.059957,-0.24811,-18.422,33.862,-22.669
0.21468,0.059297,-0.26045,-18.152,34.142,-22.378
-0.26132,0.077644,0.14862,-22.642,20.859,-26.695
-0.33654,0.080433,0.211,-23.29,19.153,-27.367
-0.31869,0.079804,0.19535,-23.051,19.555,-27.161
-0.31118,0.079578,0.18905,-22.704,19.766,-27.068
-0.32983,0.080159,0.20487,-22.911,19.345,-27.309
-0.31643,0.079739,0.19351,-22.776,19.617,-27.251
-0.082889,0.072333,-0.0011561,-20.465,24.012,-25.816
-2.1831,0.090974,1.7871,-28.869,-40.278,-33.137
-2.2175,0.089953,1.8065,-28.587,-41.469,-32.859
-2.1933,0.090561,1.7853,-28.754,-40.121,-33.091
-2.2229,0.089588,1.8113,-28.451,-40.756,-32.843
-2.066,0.095545,1.6741,-29.431,-32.96,-34.328
-2.0829,0.095686,1.689,-29.348,-33.55,-34.222
-2.0788,0.095789,1.6854,-29.323,-33.254,-34.252
-1.9793,0.10049,1.5993,-29.478,-25.177,-35.344
-1.9749,0.10119,1.5956,-29.49,-24.889,-35.282
-1.9666,0.10165,1.5885,-29.455,-24.792,-35.237
-1.8154,0.10959,1.4592,-29.462,-22.492,-35.259
-1.7829,0.11192,1.4319,-29.739,-21.88,-35.578
-1.711,0.11576,1.3711,-29.831,-19.331,-35.649
-1.6954,0.11689,1.358,-29.796,-18.708,-35.606
-1.6588,0.11897,1.3274,-29.758,-17.312,-35.596
-0.97085,0.14607,0.75547,-29.616,5.6768,-36.211
2.3609,-0.034637,-1.9254,28.59,56.436,30.334
1.8212,0.041979,-1.4943,12.33,56.826,11.35
1.7242,0.055165,-1.4178,9.7492,56.233,8.3957
1.7743,0.04991,-1.4575,10.991,56.945,9.7907
0.80315,0.134,-0.68701,-10.15,47.026,-14.323
1.9922,0.021006,-1.6275,18.111,54.813,18.101
2.2284,-0.017805,-1.8035,25.032,54.264,26.524
2.3913,-0.048596,-1.9272,30.295,53.597,32.763
2.3976,-0.050723,-1.9319,30.604,53.634,32.952
2.4002,-0.051293,-1.9339,30.752,53.675,33.009
2.3932,-0.04983,-1.9285,30.756,53.783,32.555
2.3817,-0.047326,-1.9198,30.409,54.098,32.089
2.3737,-0.045528,-1.9138,30.177,54.26,31.759
2.3602,-0.042489,-1.9036,29.837,54.574,31.165
2.358,-0.041906,-1.9019,29.855,54.668,31.009
2.354,-0.040965,-1.8988,29.794,54.755,30.796
2.3524,-0.040576,-1.8977,29.888,54.777,30.625
2.3494,-0.039857,-1.8954,29.814,54.854,30.489
2.3361,-0.036583,-1.8854,29.502,55.083,29.882
2.3401,-0.037501,-1.8884,29.667,55.033,30.011
-2.0235,0.1468,1.6084,-35.206,-27.398,-44.738
2.2719,-0.020188,-1.8368,30.204,48.586,31.017
-2.0526,0.14456,1.6327,-33.464,-27.453,-42.534
-2.0365,0.15006,1.6188,-33.621,-26.782,-42.561
-1.956,0.1636,1.5512,-33.882,-23.773,-42.568
-1.7132,0.19979,1.3488,-34.205,-15.106,-42.241
1.5914,0.13734,-1.3075,12.317,57.51,9.4149
1.4046,0.17193,-1.1582,7.2737,56.6,3.9263
1.363,0.17867,-1.1262,6.3074,56.391,2.7101
1.3574,0.17961,-1.122,6.2326,56.388,2.4452
1.3735,0.1772,-1.1345,6.688,56.473,2.8566
1.3738,0.17711,-1.1347,7.0875,56.423,2.5847
1.3795,0.1762,-1.1391,7.2124,56.465,2.7245
1.9055,0.074543,-1.5378,23.183,56.813,21.331
1.7456,0.10818,-1.4162,18.267,57.161,15.554
1.8683,0.081602,-1.5083,21.806,56.923,19.677
1.845,0.086588,-1.4907,21.182,56.831,18.852
1.8365,0.088661,-1.4844,21.09,56.647,18.482
1.8288,0.090513,-1.4788,20.882,56.592,18.22
1.8281,0.090711,-1.4783,20.925,56.475,18.191
1.7999,0.097542,-1.4575,20.373,56.188,17.123
1.6879,0.12393,-1.3749,17.3,55.991,13.578
1.6673,0.12904,-1.3599,16.804,55.917,13
1.6317,0.13722,-1.3337,15.907,55.785,11.932
1.2326,0.21777,-1.0375,6.0054,52.134,0.0030296
1.1877,0.22691,-1.0048,5.2483,51.612,-0.61538
1.0795,0.24538,-0.92418,2.9004,50.918,-3.1983
0.74423,0.29497,-0.67288,-4.4233,49.801,-11.48
0.020574,0.36428,-0.12176,-18.761,38.644,-26.743
-0.12797,0.37327,-0.0096859,-21.229,35.612,-29.36
-0.15035,0.37429,0.0069318,-21.582,35.106,-29.795
-0.17591,0.37537,0.026439,-21.915,34.605,-30.964
-0.18078,0.37556,0.030046,-22.028,34.507,-31.09
-0.0068206,0.36708,-0.10156,-18.72,38.365,-27.49
0.31442,0.34405,-0.34032,-12.393,44.643,-20.543
0.33298,0.34245,-0.35267,-12.038,44.904,-20.126
0.31481,0.34404,-0.3393,-12.286,44.563,-20.418
0.22632,0.35148,-0.27475,-13.161,42.568,-21.718
0.62385,0.31203,-0.56207,-6.2628,48.544,-14.221
0.60616,0.31399,-0.54788,-6.6363,48.408,-14.631
0.54248,0.32133,-0.50275,-7.8586,47.613,-16.044
0.46923,0.32942,-0.45112,-9.2328,46.653,-17.718
0.30625,0.34567,-0.336,-12.117,44.264,-21.275
0.24318,0.35145,-0.29198,-13.233,43.232,-22.561
0.22228,0.35327,-0.27748,-13.593,42.9,-23.047
2.3358,-0.072221,-1.6812,33.007,58.379,33.188
2.3371,-0.072474,-1.6737,32.837,58.336,33.292
2.4444,-0.11234,-1.7386,36.138,57.762,37.829
1.2599,0.21882,-0.98619,7.4858,58.031,-0.1003
1.1266,0.24769,-0.89781,4.4065,57.312,-3.7628
0.86356,0.29228,-0.722,-1.4254,55.021,-10.723
2.1296,-0.0041737,-1.5401,29.978,60.067,28.793
1.7987,0.094076,-1.3305,20.798,61.262,16.516
1.8125,0.091411,-1.3395,21.163,61.297,16.941
1.7531,0.10794,-1.3023,19.711,61.516,14.716
1.7815,0.10019,-1.3202,20.489,61.477,15.699
1.77,0.10336,-1.313,20.319,61.368,15.26
1.7845,0.099239,-1.322,20.711,61.373,15.717
1.7566,0.10725,-1.3047,20.235,61.491,14.52
1.9571,0.045793,-1.4275,25.773,60.839,22.014
1.7949,0.096008,-1.3283,21.426,61.125,16.188
1.7772,0.10186,-1.3177,21.021,61.053,15.631
1.495,0.18107,-1.143,14.063,59.763,6.284
2.0923,-0.0033224,-1.5066,28.8,58.359,25.953
2.1395,-0.022509,-1.5325,30.109,58.217,27.806
2.129,-0.018686,-1.5263,29.847,58.365,27.377
2.1105,-0.011638,-1.5156,29.403,58.603,26.596
2.0155,0.023763,-1.4602,27.151,59.461,22.701
1.7344,0.11936,-1.2928,19.762,60.748,12.554
1.6605,0.14319,-1.2483,17.837,60.719,10.032
1.6099,0.15868,-1.2177,16.574,60.684,8.3685
1.5663,0.17181,-1.1913,15.518,60.681,6.8575
1.5173,0.18625,-1.1615,14.376,60.562,5.1947
1.5042,0.19019,-1.1536,14.063,60.53,4.7262
0.51851,0.40948,-0.52888,-6.793,53.241,-19.783
0.63445,0.39202,-0.6066,-4.8155,54.196,-17.874
0.68094,0.38361,-0.63627,-3.8738,54.845,-16.901
-0.32918,0.50792,0.035992,-22.043,38.653,-37.407
-0.0066174,0.48184,-0.18579,-16.88,47.895,-32.303
-0.50058,0.51836,0.15062,-25.985,38.366,-42.051
-0.74224,0.52552,0.31626,-30.12,31.304,-46.421
-0.68602,0.52435,0.27644,-29.169,32.943,-45.481
-0.65923,0.52384,0.2582,-28.708,33.689,-45.125
-0.64863,0.52362,0.25104,-28.463,33.988,-45.034
-0.64992,0.52365,0.25196,-28.47,33.947,-45.123
-0.53789,0.52053,0.17636,-26.703,36.634,-44.202
-0.45592,0.51747,0.12204,-25.294,38.835,-42.653
-0.25429,0.50657,-0.01037,-22.118,43.641,-39.375
-2.2284,0.36573,1.3713,-43.179,-34.906,-65.061
-2.4159,0.31278,1.5086,-42.532,-46.607,-65.949
-2.4729,0.29343,1.5531,-42.016,-50.203,-65.94
-2.4415,0.30374,1.5284,-42.23,-47.977,-65.959
-2.4087,0.31463,1.5028,-41.926,-44.41,-66.009
-2.4401,0.30435,1.5273,-41.784,-46.598,-66.148
-2.4293,0.30789,1.5189,-41.847,-45.831,-66.104
-1.9253,0.44127,1.1394,-43.699,-13.75,-65.087
-2.1377,0.39476,1.2967,-44.009,-24.202,-66.208
-1.929,0.4422,1.1425,-43.281,-13.175,-64.341
-1.8946,0.44986,1.1178,-43.076,-11.413,-63.954
-1.7215,0.48176,0.99358,-41.682,-2.6812,-62.096
-1.8423,0.46041,1.0802,-42.612,-8.3083,-63.592
-1.7932,0.46946,1.0449,-42.284,-6.0622,-63.071
-1.7834,0.47143,1.038,-42.22,-5.6802,-63.031
1.8439,0.16069,-1.254,27.942,71.701,21.347
2.0008,0.10666,-1.3379,31.837,70.778,26.999
2.0222,0.097771,-1.3493,32.582,70.779,28.054
1.9117,0.14065,-1.2889,29.245,71.036,23.366
1.5329,0.2699,-1.0771,18.254,70.457,8.5784
-0.96014,0.58268,0.46549,-36.659,23.104,-56.972
-0.93485,0.58743,0.44536,-36.367,23.952,-56.635
-1.0647,0.58069,0.53179,-37.908,19.065,-58.475
-0.59945,0.59388,0.2266,-30.51,36.496,-50.585
-0.33275,0.58885,0.057411,-25.676,44.228,-44.979
-0.34525,0.58954,0.066071,-25.682,43.687,-44.832
-0.33734,0.58924,0.061063,-25.486,43.908,-44.611
-0.31094,0.58821,0.044587,-24.914,44.638,-43.985
0.48627,0.51534,-0.44039,-6.5562,65.258,-23.378
0.63291,0.49344,-0.52467,-3.1017,67.471,-19.052
0.60149,0.4984,-0.5059,-3.9242,67.232,-20.119
-0.13291,0.58025,-0.068728,-20.521,53.223,-40.124
-0.50017,0.59594,0.15407,-27.826,43.069,-48.835
-0.58874,0.59686,0.20766,-29.36,40.425,-50.699
-0.53672,0.59638,0.17544,-28.329,42.06,-49.491
-0.094088,0.57888,-0.091571,-19.152,54.678,-38.838
-0.62918,0.59675,0.23198,-29.568,40.198,-51.432
-0.66459,0.59654,0.25206,-30.158,39.072,-52.236
-0.63832,0.59667,0.23603,-29.699,39.856,-51.749
1.0587,0.41915,-0.74187,8.8925,68.291,-1.5649
1.0353,0.42574,-0.72524,8.3661,68.427,-2.1574
0.40445,0.5335,-0.37471,-5.9332,63.973,-22.076
0.51618,0.51889,-0.43889,-3.3355,65.745,-18.804
1.6531,0.26245,-1.0497,25.349,72.597,20.992
1.8767,0.1865,-1.1599,31.273,71.075,30.517
1.8259,0.20415,-1.1341,29.911,71.427,28.345
1.8055,0.21145,-1.1239,29.398,71.507,27.499
1.6489,0.26417,-1.0451,25.528,71.489,20.996
1.9952,0.14057,-1.2175,34.509,68.735,35.462
1.2309,0.38524,-0.83041,15.058,72.098,5.4771
1.2779,0.37461,-0.85573,16.235,72.24,7.1173
1.2339,0.38604,-0.83279,15.126,72.211,5.489
1.1995,0.3949,-0.81505,14.268,72.177,4.1846
0.69542,0.50463,-0.54877,2.2874,69.788,-13.314
0.7152,0.50163,-0.56035,2.7922,70.006,-12.671
0.85595,0.47401,-0.635,6.7753,70.833,-6.9013
0.59717,0.52271,-0.49735,0.53069,67.689,-15.178
0.44929,0.54688,-0.41859,-2.8119,65.953,-19.616
0.44392,0.54777,-0.41605,-2.8924,65.882,-19.74
0.44359,0.54782,-0.41588,-2.8433,65.851,-19.707
-0.20486,0.61951,-0.062559,-15.187,45.832,-33.809
-0.38132,0.62998,0.034492,-18.129,42.375,-37.583
-0.42329,0.63174,0.057573,-18.745,41.443,-38.543
-0.42559,0.6318,0.058762,-18.756,41.395,-38.586
-0.41954,0.63156,0.0554,-18.514,41.526,-38.504
-0.42624,0.63181,0.059129,-18.628,41.38,-38.671
-0.42333,0.63169,0.05751,-18.577,41.435,-38.652
-0.41011,0.63117,0.050262,-18.202,41.636,-38.959
-0.43963,0.63227,0.066446,-18.655,41.002,-39.532
-0.25505,0.62358,-0.033638,-15.248,45.244,-34.935
0.31082,0.57023,-0.33101,-5.1643,55.224,-21.58
0.5835,0.53014,-0.4686,-0.035419,58.366,-14.462
0.57061,0.53219,-0.46152,-0.2784,58.218,-14.775
0.55777,0.53429,-0.45513,-0.49913,58.082,-15.093
0.55462,0.5348,-0.45359,-0.51506,58.03,-15.149
-2.3871,0.40514,1.1818,-61.664,17.25,-105.96
-2.3875,0.40725,1.1768,-61.466,17.132,-105.87
-2.303,0.43385,1.1236,-59.589,22.92,-102.43
-2.2094,0.46128,1.0654,-57.37,28.978,-98.519
-2.059,0.50061,0.9734,-53.673,37.512,-92.372
-2.177,0.47051,1.0455,-56.613,30.907,-97.203
-2.0444,0.50447,0.96477,-53.384,37.882,-91.925
-1.9935,0.51682,0.93432,-52.163,40.344,-89.96
-1.9332,0.53054,0.89843,-50.667,43.219,-87.585
-1.8928,0.53937,0.87462,-49.655,45.075,-85.989
-1.8602,0.54627,0.85549,-48.828,46.544,-84.689
-1.8321,0.55208,0.83906,-48.109,47.79,-83.56
-1.8067,0.55723,0.8243,-47.455,48.9,-82.536
-1.7833,0.56186,0.8108,-46.851,49.907,-81.592
-1.7618,0.56607,0.7984,-46.293,50.824,-80.718
-1.742,0.56989,0.78705,-45.779,51.658,-79.913
-1.7239,0.57334,0.77672,-45.307,52.414,-79.174
-1.7074,0.57644,0.76735,-44.877,53.097,-78.499
-1.6924,0.57923,0.75886,-44.483,53.717,-77.882
-1.6785,0.58181,0.75101,-44.117,54.293,-77.306
-1.6644,0.58438,0.74312,-43.743,54.882,-76.718
-1.6443,0.58803,0.73181,-43.202,55.74,-75.867
-1.4819,0.61464,0.64146,-38.882,62.199,-69.199
-1.3964,0.62699,0.5946,-36.609,65.083,-65.724
-1.365,0.63124,0.5776,-35.731,66.17,-64.38
-0.87792,0.67506,0.31646,-22.338,79.631,-44.612
-0.87068,0.67597,0.31336,-22.17,79.767,-44.301
-0.86192,0.67641,0.30879,-21.921,79.94,-43.932
-0.85423,0.6768,0.30478,-21.702,80.091,-43.606
-0.84784,0.67712,0.30148,-21.519,80.219,-43.331
-0.84233,0.67739,0.29863,-21.355,80.333,-43.087
-0.83346,0.67782,0.29407,-21.067,80.54,-42.666
-0.82034,0.67846,0.28733,-20.685,80.81,-42.102
-0.80206,0.67932,0.27798,-20.115,81.208,-41.27
-0.79863,0.67948,0.27626,-20.02,81.271,-41.128
-0.79521,0.67963,0.27453,-19.916,81.338,-40.979
-0.76181,0.6811,0.2576,-18.372,82.391,-39.008
-0.83103,0.67783,0.29269,-20.274,81.089,-41.904
-0.76231,0.68108,0.25792,-18.447,82.238,-39.139
-0.69019,0.68387,0.22191,-16.531,83.377,-36.213
-0.64351,0.68531,0.1988,-15.299,84.052,-34.324
-0.61003,0.68617,0.1823,-14.416,84.508,-32.968
-0.58389,0.68673,0.16947,-13.727,84.846,-31.906
-0.56212,0.68713,0.15884,-13.154,85.118,-31.02
-0.54324,0.68743,0.14965,-12.658,85.346,-30.249
-0.52649,0.68766,0.14153,-12.218,85.543,-29.564
-0.51144,0.68783,0.13427,-11.824,85.715,-28.947
-0.49783,0.68797,0.12773,-11.468,85.867,-28.389
-0.48549,0.68807,0.12181,-11.146,86.002,-27.883
-0.47428,0.68815,0.11647,-10.854,86.122,-27.423
-0.46409,0.68821,0.11162,-10.59,86.229,-27.005
-0.45484,0.68826,0.10724,-10.351,86.324,-26.626
-0.44644,0.68829,0.10327,-10.135,86.409,-26.282
-0.43883,0.68831,0.099695,-9.9394,86.485,-25.971
-0.43195,0.68833,0.096473,-9.7639,86.553,-25.691
-0.42575,0.68834,0.093579,-9.6064,86.613,-25.439
-0.42019,0.68834,0.090988,-9.4657,86.666,-25.213
-0.4152,0.68834,0.088675,-9.3405,86.713,-25.013
-0.41074,0.68834,0.086615,-9.2294,86.754,-24.835
-0.40676,0.68833,0.084783,-9.1312,86.79,-24.677
-0.4032,0.68833,0.083147,-9.0444,86.822,-24.538
-0.39996,0.68832,0.081666,-8.9667,86.85,-24.415
-0.39691,0.68831,0.080273,-8.895,86.876,-24.302
-0.39372,0.6883,0.078822,-8.8219,86.903,-24.188
-0.38939,0.68829,0.076858,-8.7247,86.938,-24.039
-0.37707,0.68827,0.071274,-8.4443,87.041,-23.606
0.4341,0.643,-0.28949,11.428,86.776,9.703
0.4539,0.64103,-0.29707,11.864,86.705,10.551
0.44636,0.64186,-0.29377,11.681,86.747,10.228
0.44021,0.64254,-0.29112,11.532,86.78,9.9635
0.43467,0.64314,-0.28874,11.399,86.81,9.7258
0.42966,0.64369,-0.2866,11.279,86.836,9.5107
0.42515,0.64418,-0.28467,11.17,86.859,9.3166
0.42109,0.64461,-0.28294,11.073,86.879,9.1423
0.41747,0.645,-0.2814,10.987,86.897,8.9865
0.41427,0.64534,-0.28004,10.911,86.913,8.8482
0.41145,0.64564,-0.27885,10.843,86.927,8.7264
0.409,0.6459,-0.27782,10.785,86.939,8.62
0.40691,0.64612,-0.27694,10.736,86.949,8.5282
0.40515,0.6463,-0.2762,10.694,86.957,8.4499
0.4037,0.64645,-0.2756,10.659,86.965,8.3838
0.40254,0.64657,-0.27512,10.631,86.971,8.3272
0.40156,0.64666,-0.27471,10.609,86.978,8.265
0.4004,0.64678,-0.27423,10.59,86.984,8.1959
0.39966,0.64685,-0.27393,10.573,86.988,8.1563
0.39869,0.64695,-0.27353,10.553,86.997,8.0823
0.39811,0.647,-0.27329,10.542,86.999,8.0571
0.39725,0.64709,-0.27294,10.535,87.003,8.0032
0.39658,0.64715,-0.27267,10.52,87.007,7.9693
0.39568,0.64724,-0.2723,10.5,87.012,7.9192
0.39151,0.64769,-0.2706,10.485,87.043,7.5214
0.38879,0.64798,-0.26949,10.42,87.053,7.3995
0.38436,0.64845,-0.26769,10.316,87.072,7.2063
0.38007,0.6489,-0.26596,10.217,87.09,7.0195
0.37612,0.64932,-0.26436,10.125,87.106,6.8474
0.37248,0.6497,-0.26289,10.04,87.121,6.689
0.36914,0.65005,-0.26155,9.963,87.134,6.5434
0.36608,0.65037,-0.26032,9.8922,87.146,6.4098
0.36329,0.65066,-0.2592,9.8276,87.157,6.2876
0.36075,0.65092,-0.25819,9.7687,87.167,6.1761
0.35844,0.65116,-0.25727,9.7154,87.176,6.0746
0.35637,0.65137,-0.25645,9.6673,87.184,5.9826
0.3545,0.65156,-0.25571,9.624,87.191,5.8995
0.35285,0.65172,-0.25505,9.5853,87.197,5.8248
0.35138,0.65187,-0.25448,9.551,87.203,5.758
0.35011,0.652,-0.25397,9.5207,87.208,5.6985
0.349,0.65211,-0.25354,9.4941,87.213,5.6455
0.34806,0.6522,-0.25317,9.4708,87.217,5.5979
0.34725,0.65227,-0.25286,9.45,87.222,5.5538
0.34653,0.65234,-0.25257,9.4294,87.227,5.5074
0.34544,0.65245,-0.25215,9.3948,87.236,5.4223
0.24769,0.66214,-0.21384,6.7705,87.829,-0.394
0.24486,0.66241,-0.21282,6.7085,87.833,-0.52276
0.24234,0.66263,-0.21183,6.6483,87.835,-0.63888
0.24001,0.66284,-0.21092,6.593,87.837,-0.74558
0.23784,0.66303,-0.21008,6.5418,87.839,-0.84433
0.23583,0.66321,-0.2093,6.4945,87.841,-0.93573
0.23396,0.66337,-0.20858,6.4507,87.842,-1.0204
0.23222,0.66352,-0.20791,6.4102,87.843,-1.0988
0.23061,0.66366,-0.20729,6.3727,87.844,-1.1714
0.22913,0.66379,-0.20672,6.3381,87.845,-1.2386
0.22775,0.66391,-0.20619,6.3062,87.846,-1.3007
0.22649,0.66401,-0.20571,6.2768,87.847,-1.358
0.22533,0.66411,-0.20526,6.2499,87.847,-1.4109
0.22427,0.6642,-0.20486,6.2251,87.848,-1.4594
0.2233,0.66428,-0.20449,6.2026,87.849,-1.504
0.22242,0.66435,-0.20415,6.182,87.849,-1.5447
0.22163,0.66442,-0.20385,6.1633,87.85,-1.5819
0.22091,0.66447,-0.20358,6.1465,87.85,-1.6158
0.22028,0.66452,-0.20334,6.1313,87.851,-1.6465
0.21972,0.66457,-0.20313,6.1178,87.851,-1.6743
0.21923,0.6646,-0.20295,6.1057,87.852,-1.6995
0.21881,0.66463,-0.20279,6.0951,87.852,-1.7223
0.21846,0.66466,-0.20266,6.0857,87.853,-1.7431
0.21818,0.66467,-0.20256,6.0774,87.854,-1.7628
0.21796,0.66469,-0.20248,6.0697,87.855,-1.7834
0.2178,0.66469,-0.20242,6.0598,87.857,-1.8152
0.20543,0.6658,-0.19778,5.4761,87.986,-3.6264
0.20634,0.66571,-0.19813,5.4987,87.987,-3.5838
0.20491,0.66583,-0.19759,5.4691,87.985,-3.6399
0.20358,0.66594,-0.1971,5.4416,87.983,-3.6921
0.20233,0.66604,-0.19663,5.416,87.981,-3.7409
0.20116,0.66614,-0.1962,5.3919,87.98,-3.7867
0.20007,0.66623,-0.19579,5.3694,87.978,-3.8295
0.19904,0.66632,-0.19541,5.3484,87.977,-3.8696
0.19807,0.66639,-0.19505,5.3288,87.975,-3.9071
0.19717,0.66647,-0.19472,5.3104,87.974,-3.9421
0.19632,0.66653,-0.19441,5.2933,87.973,-3.9748
0.19553,0.6666,-0.19412,5.2774,87.971,-4.0052
0.19478,0.66666,-0.19384,5.2626,87.97,-4.0335
0.19409,0.66671,-0.19359,5.2488,87.969,-4.0598
0.19344,0.66676,-0.19335,5.236,87.968,-4.0841
0.19283,0.66681,-0.19313,5.2242,87.967,-4.1066
0.19227,0.66685,-0.19292,5.2133,87.966,-4.1273
0.19174,0.66689,-0.19273,5.2032,87.965,-4.1464
0.19124,0.66693,-0.19255,5.194,87.964,-4.1639
0.19078,0.66696,-0.19238,5.1855,87.963,-4.1799
0.19035,0.66699,-0.19222,5.1777,87.962,-4.1944
0.18994,0.66702,-0.19208,5.1706,87.961,-4.2076
0.18955,0.66705,-0.19194,5.1642,87.96,-4.2194
0.18918,0.66707,-0.1918,5.1584,87.959,-4.2299
0.18882,0.6671,-0.19167,5.1531,87.958,-4.2392
0.18844,0.66713,-0.19153,5.1483,87.956,-4.2473
0.18801,0.66716,-0.19138,5.1437,87.954,-4.2544
0.18734,0.66721,-0.19114,5.1384,87.951,-4.2616
0.18365,0.66753,-0.1898,5.1096,87.93,-4.3013
0.18266,0.66761,-0.18944,5.0928,87.927,-4.3338
0.1817,0.66768,-0.1891,5.0885,87.921,-4.3395
0.1785,0.66796,-0.18794,5.0548,87.906,-4.3978
0.17782,0.66801,-0.1877,5.0443,87.903,-4.4188
0.17666,0.6681,-0.18728,5.0429,87.896,-4.42
0.17597,0.66816,-0.18703,5.0337,87.893,-4.4373
0.17377,0.66834,-0.18624,5.0285,87.879,-4.4441
0.17357,0.66835,-0.18617,5.0251,87.878,-4.4515
0.17341,0.66836,-0.18611,5.0233,87.878,-4.456
0.17313,0.66838,-0.18602,5.0232,87.876,-4.4583
0.17083,0.66857,-0.18519,5.0273,87.86,-4.4571
0.17076,0.66857,-0.18516,5.0259,87.86,-4.4606
0.17064,0.66857,-0.18512,5.0234,87.86,-4.4661
0.17054,0.66858,-0.18509,5.0212,87.86,-4.4712
0.17044,0.66858,-0.18505,5.0194,87.86,-4.4759
0.17034,0.66858,-0.18502,5.0181,87.86,-4.4802
0.17017,0.66859,-0.18496,5.0196,87.859,-4.4836
0.16999,0.6686,-0.18489,5.0192,87.858,-4.4859
0.15619,0.66977,-0.17996,5.2371,87.734,-4.4417
0.15366,0.66998,-0.17906,5.192,87.725,-4.5249
0.15235,0.67008,-0.1786,5.1703,87.721,-4.5635
0.15141,0.67016,-0.17826,5.1559,87.719,-4.5881
0.15055,0.67022,-0.17796,5.1426,87.717,-4.6109
0.14976,0.67029,-0.17768,5.1302,87.715,-4.6323
0.14902,0.67034,-0.17741,5.1185,87.713,-4.6526
0.14832,0.67039,-0.17717,5.1075,87.711,-4.6719
0.14768,0.67044,-0.17694,5.0971,87.709,-4.6902
0.14707,0.67049,-0.17672,5.0872,87.708,-4.7077
0.14649,0.67053,-0.17652,5.0779,87.707,-4.7244
0.14595,0.67057,-0.17633,5.0689,87.705,-4.7403
0.14544,0.67061,-0.17615,5.0605,87.704,-4.7556
0.14496,0.67065,-0.17597,5.0524,87.703,-4.7702
0.1445,0.67068,-0.17581,5.0447,87.702,-4.7843
0.14407,0.67071,-0.17566,5.0373,87.701,-4.7977
0.14366,0.67074,-0.17551,5.0303,87.7,-4.8106
0.14326,0.67077,-0.17538,5.0235,87.7,-4.8229
0.14289,0.67079,-0.17524,5.0171,87.699,-4.8348
0.14254,0.67082,-0.17512,5.011,87.698,-4.8461
0.1422,0.67084,-0.175,5.0051,87.697,-4.857
0.14188,0.67087,-0.17489,4.9995,87.697,-4.8674
0.14158,0.67089,-0.17478,4.9942,87.696,-4.8773
0.14129,0.67091,-0.17468,4.9891,87.696,-4.8869
0.14101,0.67092,-0.17458,4.9842,87.695,-4.896
0.14075,0.67094,-0.17449,4.9796,87.695,-4.9047
0.1405,0.67096,-0.1744,4.9751,87.694,-4.913
0.14026,0.67098,-0.17432,4.9709,87.694,-4.9209
0.14004,0.67099,-0.17424,4.9669,87.693,-4.9285
0.13982,0.671,-0.17416,4.963,87.693,-4.9357
0.13962,0.67102,-0.17409,4.9594,87.692,-4.9426
0.13943,0.67103,-0.17402,4.9559,87.692,-4.9491
0.13924,0.67104,-0.17396,4.9526,87.692,-4.9553
0.13907,0.67105,-0.1739,4.9495,87.691,-4.9612
0.13891,0.67106,-0.17384,4.9466,87.691,-4.9668
0.13875,0.67107,-0.17379,4.9438,87.691,-4.9721
0.13861,0.67108,-0.17374,4.9411,87.691,-4.9772
0.13847,0.67109,-0.17369,4.9386,87.69,-4.9819
0.13834,0.6711,-0.17364,4.9362,87.69,-4.9864
0.13821,0.6711,-0.1736,4.934,87.69,-4.9907
0.1381,0.67111,-0.17356,4.9319,87.69,-4.9946
0.13799,0.67112,-0.17352,4.9299,87.689,-4.9984
0.13789,0.67112,-0.17349,4.9281,87.689,-5.0019
0.13779,0.67113,-0.17345,4.9264,87.689,-5.0052
0.13771,0.67113,-0.17342,4.9247,87.689,-5.0083
0.13762,0.67114,-0.17339,4.9232,87.689,-5.0112
0.13755,0.67114,-0.17337,4.9218,87.689,-5.0138
0.13748,0.67114,-0.17334,4.9205,87.689,-5.0163
0.13741,0.67115,-0.17332,4.9193,87.688,-5.0186
0.13735,0.67115,-0.1733,4.9182,87.688,-5.0207
0.13729,0.67115,-0.17328,4.9172,87.688,-5.0227
0.13724,0.67116,-0.17326,4.9162,87.688,-5.0245
0.13719,0.67116,-0.17324,4.9154,87.688,-5.0261
0.13715,0.67116,-0.17323,4.9146,87.688,-5.0276
0.13711,0.67116,-0.17321,4.9139,87.688,-5.029
0.13708,0.67116,-0.1732,4.9132,87.688,-5.0302
0.13705,0.67116,-0.17319,4.9126,87.688,-5.0313
0.13702,0.67116,-0.17318,4.9121,87.688,-5.0322
0.13699,0.67116,-0.17317,4.9117,87.688,-5.0331
0.13697,0.67116,-0.17317,4.9113,87.688,-5.0338
0.13695,0.67117,-0.17316,4.9109,87.688,-5.0345
0.13694,0.67117,-0.17315,4.9106,87.688,-5.0351
0.13693,0.67117,-0.17315,4.9104,87.688,-5.0355
0.13691,0.67117,-0.17315,4.9102,87.688,-5.0359
0.1369,0.67117,-0.17314,4.91,87.687,-5.0363
0.1369,0.67117,-0.17314,4.9099,87.687,-5.0365
0.13689,0.67117,-0.17314,4.9098,87.687,-5.0367
0.13689,0.67116,-0.17314,4.9097,87.687,-5.0369
0.13688,0.67116,-0.17313,4.9096,87.687,-5.037
0.13688,0.67116,-0.17313,4.9096,87.687,-5.0371
0.13688,0.67116,-0.17313,4.9096,87.687,-5.0371
0.13688,0.67116,-0.17313,4.9095,87.687,-5.0371
0.13688,0.67116,-0.17313,4.9095,87.687,-5.0371
0.13688,0.67116,-0.17313,4.9095,87.687,-5.0371
0.13688,0.67116,-0.17313,4.9095,87.687,-5.0371
0.13688,0.67116,-0.17313,4.9095,87.687,-5.0371
0.13688,0.67116,-0.17313,4.9096,87.687,-5.0371
0.13688,0.67116,-0.17313,4.9096,87.687,-5.0371
0.13688,0.67116,-0.17313,4.9096,87.687,-5.0371
0.13688,0.67116,-0.17313,4.9096,87.687,-5.0371
0.13688,0.67116,-0.17313,4.9096,87.687,-5.0371
0.13687,0.67116,-0.17313,4.9097,87.687,-5.037
0.13687,0.67116,-0.17313,4.9097,87.687,-5.0369
0.13687,0.67117,-0.17313,4.9098,87.687,-5.0369
0.13686,0.67117,-0.17313,4.9098,87.687,-5.0367
0.13686,0.67117,-0.17313,4.9098,87.687,-5.0366
0.13685,0.67117,-0.17312,4.9099,87.687,-5.0365
0.13685,0.67117,-0.17312,4.91,87.687,-5.0363
0.13684,0.67117,-0.17312,4.91,87.687,-5.0361
0.13683,0.67117,-0.17312,4.9101,87.687,-5.0359
0.13682,0.67117,-0.17311,4.9102,87.687,-5.0356
0.13681,0.67117,-0.17311,4.9102,87.687,-5.0354
0.1368,0.67117,-0.17311,4.9103,87.687,-5.0351
0.13679,0.67117,-0.1731,4.9104,87.687,-5.0348
0.13677,0.67117,-0.1731,4.9105,87.687,-5.0344
0.13676,0.67117,-0.17309,4.9106,87.687,-5.0341
0.13674,0.67118,-0.17309,4.9107,87.686,-5.0337
0.13673,0.67118,-0.17308,4.9108,87.686,-5.0333
0.13671,0.67118,-0.17307,4.9109,87.686,-5.0329
0.1367,0.67118,-0.17307,4.9109,87.686,-5.0324
0.13668,0.67118,-0.17306,4.911,87.686,-5.032
0.13666,0.67118,-0.17306,4.9111,87.686,-5.0315
0.13664,0.67118,-0.17305,4.9112,87.686,-5.031
0.13662,0.67119,-0.17304,4.9113,87.686,-5.0305
0.1366,0.67119,-0.17304,4.9114,87.685,-5.03
0.13658,0.67119,-0.17303,4.9115,87.685,-5.0295
0.13656,0.67119,-0.17302,4.9116,87.685,-5.029
0.13654,0.67119,-0.17301,4.9117,87.685,-5.0284
0.13651,0.67119,-0.17301,4.9118,87.685,-5.0279
0.13649,0.6712,-0.173,4.9119,87.685,-5.0273
0.13647,0.6712,-0.17299,4.912,87.685,-5.0268
0.13645,0.6712,-0.17298,4.9121,87.684,-5.0262
0.13643,0.6712,-0.17297,4.9122,87.684,-5.0257
0.1364,0.6712,-0.17297,4.9122,87.684,-5.0251
0.13638,0.67121,-0.17296,4.9123,87.684,-5.0245
0.13636,0.67121,-0.17295,4.9124,87.684,-5.024
0.13634,0.67121,-0.17294,4.9125,87.684,-5.0234
0.13632,0.67121,-0.17294,4.9126,87.683,-5.0229
0.13629,0.67121,-0.17293,4.9126,87.683,-5.0223
0.13627,0.67121,-0.17292,4.9127,87.683,-5.0218
0.13625,0.67122,-0.17291,4.9128,87.683,-5.0212
0.13623,0.67122,-0.1729,4.9129,87.683,-5.0207
0.13621,0.67122,-0.1729,4.9129,87.683,-5.0201
0.13619,0.67122,-0.17289,4.913,87.683,-5.0196
0.13617,0.67122,-0.17288,4.913,87.682,-5.0191
0.13615,0.67122,-0.17288,4.9131,87.682,-5.0186
0.13613,0.67123,-0.17287,4.9131,87.682,-5.0181
0.13611,0.67123,-0.17286,4.9132,87.682,-5.0176
0.13609,0.67123,-0.17286,4.9132,87.682,-5.0171
0.13607,0.67123,-0.17285,4.9133,87.682,-5.0166
0.13605,0.67123,-0.17284,4.9133,87.682,-5.0162
0.13604,0.67123,-0.17284,4.9134,87.682,-5.0157
0.13602,0.67123,-0.17283,4.9134,87.681,-5.0153
0.136,0.67124,-0.17283,4.9134,87.681,-5.0148
0.13599,0.67124,-0.17282,4.9135,87.681,-5.0144
0.13597,0.67124,-0.17281,4.9135,87.681,-5.014
0.13596,0.67124,-0.17281,4.9135,87.681,-5.0136
0.13594,0.67124,-0.1728,4.9135,87.681,-5.0132
0.13593,0.67124,-0.1728,4.9135,87.681,-5.0128
0.13592,0.67124,-0.17279,4.9135,87.681,-5.0124
0.1359,0.67124,-0.17279,4.9136,87.681,-5.0121
0.13589,0.67125,-0.17279,4.9136,87.681,-5.0117
0.13588,0.67125,-0.17278,4.9136,87.681,-5.0114
0.13587,0.67125,-0.17278,4.9136,87.68,-5.0111
0.13586,0.67125,-0.17277,4.9136,87.68,-5.0108
0.13585,0.67125,-0.17277,4.9136,87.68,-5.0105
0.13584,0.67125,-0.17277,4.9136,87.68,-5.0102
0.13583,0.67125,-0.17276,4.9136,87.68,-5.0099
0.13582,0.67125,-0.17276,4.9135,87.68,-5.0097
0.13581,0.67125,-0.17276,4.9135,87.68,-5.0094
0.1358,0.67125,-0.17275,4.9135,87.68,-5.0092
0.13579,0.67125,-0.17275,4.9135,87.68,-5.009
0.13579,0.67125,-0.17275,4.9135,87.68,-5.0088
0.13578,0.67125,-0.17275,4.9135,87.68,-5.0086
0.13577,0.67125,-0.17275,4.9134,87.68,-5.0084
0.13577,0.67126,-0.17274,4.9134,87.68,-5.0082
0.13576,0.67126,-0.17274,4.9134,87.68,-5.0081
0.13576,0.67126,-0.17274,4.9134,87.68,-5.0079
0.13576,0.67126,-0.17274,4.9133,87.68,-5.0078
0.13575,0.67126,-0.17274,4.9133,87.68,-5.0077
0.13575,0.67126,-0.17274,4.9133,87.68,-5.0076
0.13575,0.67126,-0.17274,4.9133,87.68,-5.0075
0.13574,0.67126,-0.17273,4.9132,87.68,-5.0074
0.13574,0.67126,-0.17273,4.9132,87.68,-5.0074
0.13574,0.67126,-0.17273,4.9132,87.68,-5.0073
0.13574,0.67126,-0.17273,4.9132,87.68,-5.0073
0.13574,0.67126,-0.17273,4.9132,87.68,-5.0072
0.13574,0.67126,-0.17273,4.9131,87.68,-5.0072
0.13574,0.67126,-0.17273,4.9131,87.68,-5.0072
0.13574,0.67126,-0.17273,4.9131,87.68,-5.0071
0.13574,0.67126,-0.17273,4.9131,87.68,-5.0071
0.13574,0.67126,-0.17273,4.9131,87.68,-5.0071
0.13574,0.67126,-0.17273,4.9131,87.68,-5.0071
0.13574,0.67126,-0.17273,4.9131,87.68,-5.0071
0.13574,0.67126,-0.17273,4.9131,87.68,-5.0071
0.13574,0.67126,-0.17273,4.9131,87.68,-5.0071
0.13574,0.67126,-0.17273,4.9131,87.68,-5.0071
0.13574,0.67126,-0.17273,4.9131,87.68,-5.0071
0.13574,0.67126,-0.17273,4.9131,87.68,-5.0071
0.13574,0.67126,-0.17273,4.9131,87.68,-5.0071
0.13574,0.67126,-0.17273,4.9131,87.68,-5.0071
0.13574,0.67126,-0.17273,4.9131,87.68,-5.0071
0.13574,0.67126,-0.17273,4.9131,87.68,-5.0071
0.13574,0.67126,-0.17273,4.9131,87.68,-5.0071
0.13574,0.67126,-0.17273,4.9131,87.68,-5.0071
0.13574,0.67126,-0.17273,4.9131,87.68,-5.0071
0.13574,0.67126,-0.17273,4.9131,87.68,-5.0071
0.13574,0.67126,-0.17273,4.9131,87.68,-5.0071
0.13574,0.67126,-0.17273,4.9131,87.68,-5.0071
0.13574,0.67126,-0.17273,4.9131,87.68,-5.0071
0.13574,0.67126,-0.17273,4.9131,87.68,-5.0071
0.13574,0.67126,-0.17273,4.9131,87.68,-5.0071
0.13574,0.67126,-0.17273,4.9131,87.68,-5.0071
0.13574,0.67126,-0.17273,4.9131,87.68,-5.0071
0.13574,0.67126,-0.17273,4.9131,87.68,-5.0071
0.13574,0.67126,-0.17273,4.9131,87.68,-5.0071
0.13574,0.67126,-0.17273,4.9131,87.68,-5.0071
0.13574,0.67126,-0.17273,4.9131,87.68,-5.0071
0.13574,0.67126,-0.17273,4.9131,87.68,-5.0071
0.13574,0.67126,-0.17273,4.9131,87.68,-5.0071
0.13574,0.67126,-0.17273,4.9131,87.68,-5.0071
0.13574,0.67126,-0.17273,4.9131,87.68,-5.0071
0.13574,0.67126,-0.17273,4.9131,87.68,-5.0071
0.13574,0.67126,-0.17273,4.9131,87.68,-5.0071
0.13574,0.67126,-0.17273,4.9131,87.68,-5.0071
0.13574,0.67126,-0.17273,4.9131,87.68,-5.0071
0.13574,0.67126,-0.17273,4.9131,87.68,-5.0071
0.13574,0.67126,-0.17273,4.9131,87.68,-5.0071
0.13574,0.67126,-0.17273,4.9131,87.68,-5.0071
0.13574,0.67126,-0.17273,4.9131,87.68,-5.0071
0.13574,0.67126,-0.17273,4.9131,87.68,-5.0071
0.13574,0.67126,-0.17273,4.9131,87.68,-5.0071
0.13574,0.67126,-0.17273,4.9131,87.68,-5.0071
0.13574,0.67126,-0.17273,4.9131,87.68,-5.0071
0.13574,0.67126,-0.17273,4.9131,87.68,-5.0071
0.13574,0.67126,-0.17273,4.9131,87.68,-5.0071
0.13574,0.67126,-0.17273,4.9131,87.68,-5.0071
0.13574,0.67126,-0.17273,4.9131,87.68,-5.0071
0.13574,0.67126,-0.17273,4.9131,87.68,-5.0071
0.13574,0.67126,-0.17273,4.9131,87.68,-5.0071
0.13574,0.67126,-0.17273,4.9131,87.68,-5.0071
0.13574,0.67126,-0.17273,4.9131,87.68,-5.0071
0.13574,0.67126,-0.17273,4.9131,87.68,-5.0071
0.13574,0.67126,-0.17273,4.9131,87.68,-5.0071
0.13574,0.67126,-0.17273,4.9131,87.68,-5.0071
0.13574,0.67126,-0.17273,4.9131,87.68,-5.0071
0.13574,0.67126,-0.17273,4.9131,87.68,-5.0071
0.13574,0.67126,-0.17273,4.9131,87.68,-5.0071
0.13574,0.67126,-0.17273,4.9131,87.68,-5.0071
0.13574,0.67126,-0.17273,4.9131,87.68,-5.0071
0.13574,0.67126,-0.17273,4.9131,87.68,-5.0071
0.13574,0.67126,-0.17273,4.9131,87.68,-5.0071
0.13574,0.67126,-0.17273,4.9131,87.68,-5.0071
0.13574,0.67126,-0.17273,4.9131,87.68,-5.0071
0.13574,0.67126,-0.17273,4.9131,87.68,-5.0071
0.13574,0.67126,-0.17273,4.9131,87.68,-5.0071
0.13574,0.67126,-0.17273,4.9131,87.68,-5.0071
0.13574,0.67126,-0.17273,4.9131,87.68,-5.0071
0.13574,0.67126,-0.17273,4.9131,87.68,-5.0071
0.13574,0.67126,-0.17273,4.9131,87.68,-5.0071
0.13574,0.67126,-0.17273,4.9131,87.68,-5.0071
0.13574,0.67126,-0.17273,4.9131,87.68,-5.0071
0.13574,0.67126,-0.17273,4.9131,87.68,-5.0071
0.13574,0.67126,-0.17273,4.9131,87.68,-5.0071
0.13574,0.67126,-0.17273,4.9131,87.68,-5.0071
0.13574,0.67126,-0.17273,4.9131,87.68,-5.0071
0.13574,0.67126,-0.17273,4.9131,87.68,-5.0071
0.13574,0.67126,-0.17273,4.9131,87.68,-5.0071
0.13574,0.67126,-0.17273,4.9131,87.68,-5.0071
0.13574,0.67126,-0.17273,4.9131,87.68,-5.0071
0.13574,0.67126,-0.17273,4.9131,87.68,-5.0071
0.13574,0.67126,-0.17273,4.9131,87.68,-5.0071
0.13574,0.67126,-0.17273,4.9131,87.68,-5.0071
0.13574,0.67126,-0.17273,4.9131,87.68,-5.0071
0.13574,0.67126,-0.17273,4.9131,87.68,-5.0071
0.13574,0.67126,-0.17273,4.9131,87.68,-5.0071
0.13574,0.67126,-0.17273,4.9131,87.68,-5.0071
0.13574,0.67126,-0.17273,4.9131,87.68,-5.0071
0.13574,0.67126,-0.17273,4.9131,87.68,-5.0071
0.13574,0.67126,-0.17273,4.9131,87.68,-5.0071
0.13574,0.67126,-0.17273,4.9131,87.68,-5.0071
0.13574,0.67126,-0.17273,4.9131,87.68,-5.0071
0.13574,0.67126,-0.17273,4.9131,87.68,-5.0071
0.13574,0.67126,-0.17273,4.9131,87.68,-5.0071
0.13574,0.67126,-0.17273,4.9131,87.68,-5.0071
0.13574,0.67126,-0.17273,4.9131,87.68,-5.0071
0.13574,0.67126,-0.17273,4.9131,87.68,-5.0071
0.13574,0.67126,-0.17273,4.9131,87.68,-5.0071
0.13574,0.67126,-0.17273,4.9131,87.68,-5.0071
0.13574,0.67126,-0.17273,4.9131,87.68,-5.0071
0.13574,0.67126,-0.17273,4.9131,87.68,-5.0071
0.13574,0.67126,-0.17273,4.9131,87.68,-5.0071
0.13574,0.67126,-0.17273,4.9131,87.68,-5.0071
0.13574,0.67126,-0.17273,4.9131,87.68,-5.0071
0.13574,0.67126,-0.17273,4.9131,87.68,-5.0071
0.13574,0.67126,-0.17273,4.9131,87.68,-5.0071
0.13574,0.67126,-0.17273,4.9131,87.68,-5.0071
0.13574,0.67126,-0.17273,4.9131,87.68,-5.0071
0.13574,0.67126,-0.17273,4.913,87.68,-5.0071
0.13574,0.67126,-0.17273,4.913,87.68,-5.0071
0.13574,0.67126,-0.17273,4.913,87.68,-5.0071
0.13574,0.67126,-0.17273,4.913,87.68,-5.0072
0.13574,0.67126,-0.17273,4.9129,87.68,-5.0072
0.13574,0.67126,-0.17273,4.9129,87.68,-5.0072
0.13574,0.67126,-0.17273,4.9129,87.68,-5.0072
0.13574,0.67126,-0.17273,4.9128,87.68,-5.0073
0.13575,0.67126,-0.17274,4.9128,87.68,-5.0073
0.13575,0.67126,-0.17274,4.9127,87.68,-5.0074
0.13575,0.67126,-0.17274,4.9127,87.68,-5.0075
0.13576,0.67126,-0.17274,4.9126,87.68,-5.0076
0.13576,0.67126,-0.17274,4.9126,87.68,-5.0077
0.13576,0.67126,-0.17274,4.9125,87.68,-5.0078
0.13577,0.67126,-0.17274,4.9124,87.68,-5.0079
0.13577,0.67125,-0.17274,4.9124,87.68,-5.0081
0.13578,0.67125,-0.17275,4.9123,87.68,-5.0082
0.13579,0.67125,-0.17275,4.9123,87.68,-5.0084
0.13579,0.67125,-0.17275,4.9122,87.68,-5.0086
0.1358,0.67125,-0.17275,4.9121,87.68,-5.0088
0.13581,0.67125,-0.17276,4.912,87.68,-5.009
0.13582,0.67125,-0.17276,4.912,87.68,-5.0092
0.13582,0.67125,-0.17276,4.9119,87.68,-5.0094
0.13583,0.67125,-0.17277,4.9118,87.68,-5.0097
0.13584,0.67125,-0.17277,4.9117,87.68,-5.0099
0.13585,0.67125,-0.17277,4.9117,87.681,-5.0102
0.13586,0.67125,-0.17278,4.9116,87.681,-5.0105
0.13587,0.67125,-0.17278,4.9115,87.681,-5.0108
0.13588,0.67125,-0.17278,4.9114,87.681,-5.0112
0.1359,0.67124,-0.17279,4.9113,87.681,-5.0115
0.13591,0.67124,-0.17279,4.9112,87.681,-5.0119
0.13592,0.67124,-0.1728,4.9112,87.681,-5.0123
0.13593,0.67124,-0.1728,4.9111,87.681,-5.0126
0.13595,0.67124,-0.17281,4.911,87.681,-5.0131
0.13596,0.67124,-0.17281,4.9109,87.681,-5.0135
0.13598,0.67124,-0.17282,4.9108,87.681,-5.0139
0.13599,0.67124,-0.17282,4.9107,87.682,-5.0144
0.13601,0.67124,-0.17283,4.9106,87.682,-5.0148
0.13602,0.67123,-0.17283,4.9105,87.682,-5.0153
0.13604,0.67123,-0.17284,4.9105,87.682,-5.0158
0.13605,0.67123,-0.17284,4.9104,87.682,-5.0163
0.13607,0.67123,-0.17285,4.9103,87.682,-5.0168
0.13609,0.67123,-0.17286,4.9102,87.682,-5.0173
0.13611,0.67123,-0.17286,4.9101,87.682,-5.0179
0.13612,0.67123,-0.17287,4.91,87.682,-5.0184
0.13614,0.67122,-0.17287,4.9099,87.683,-5.019
0.13616,0.67122,-0.17288,4.9099,87.683,-5.0196
0.13618,0.67122,-0.17289,4.9098,87.683,-5.0202
0.1362,0.67122,-0.17289,4.9097,87.683,-5.0208
0.13622,0.67122,-0.1729,4.9096,87.683,-5.0214
0.13623,0.67122,-0.17291,4.9095,87.683,-5.022
0.13625,0.67122,-0.17291,4.9094,87.683,-5.0226
0.13627,0.67121,-0.17292,4.9093,87.684,-5.0232
0.13629,0.67121,-0.17293,4.9093,87.684,-5.0239
0.13631,0.67121,-0.17293,4.9092,87.684,-5.0245
0.13633,0.67121,-0.17294,4.9091,87.684,-5.0251
0.13635,0.67121,-0.17295,4.909,87.684,-5.0258
0.13637,0.67121,-0.17296,4.909,87.684,-5.0264
0.13639,0.6712,-0.17296,4.9089,87.684,-5.0271
0.13641,0.6712,-0.17297,4.9088,87.685,-5.0277
0.13643,0.6712,-0.17298,4.9088,87.685,-5.0284
0.13645,0.6712,-0.17298,4.9087,87.685,-5.029
0.13647,0.6712,-0.17299,4.9086,87.685,-5.0296
0.13649,0.6712,-0.173,4.9086,87.685,-5.0303
0.13651,0.67119,-0.173,4.9085,87.685,-5.0309
0.13653,0.67119,-0.17301,4.9084,87.685,-5.0315
0.13655,0.67119,-0.17302,4.9084,87.685,-5.0321
0.13657,0.67119,-0.17302,4.9083,87.686,-5.0327
0.13658,0.67119,-0.17303,4.9083,87.686,-5.0332
0.1366,0.67119,-0.17304,4.9083,87.686,-5.0338
0.13662,0.67119,-0.17304,4.9082,87.686,-5.0343
0.13663,0.67118,-0.17305,4.9082,87.686,-5.0348
0.13665,0.67118,-0.17305,4.9082,87.686,-5.0353
0.13666,0.67118,-0.17306,4.9081,87.686,-5.0358
0.13668,0.67118,-0.17306,4.9081,87.686,-5.0362
0.13669,0.67118,-0.17307,4.9081,87.686,-5.0366
0.1367,0.67118,-0.17307,4.9081,87.687,-5.037
0.13671,0.67118,-0.17307,4.9081,87.687,-5.0374
0.13672,0.67118,-0.17308,4.9081,87.687,-5.0377
0.13673,0.67118,-0.17308,4.9081,87.687,-5.038
0.13674,0.67118,-0.17309,4.9081,87.687,-5.0383
0.13675,0.67117,-0.17309,4.9081,87.687,-5.0386
0.13676,0.67117,-0.17309,4.9081,87.687,-5.0388
0.13676,0.67117,-0.17309,4.9081,87.687,-5.039
0.13677,0.67117,-0.17309,4.9081,87.687,-5.0392
0.13677,0.67117,-0.1731,4.9081,87.687,-5.0393
0.13678,0.67117,-0.1731,4.9081,87.687,-5.0395
0.13678,0.67117,-0.1731,4.9081,87.687,-5.0396
0.13678,0.67117,-0.1731,4.9081,87.687,-5.0397
0.13679,0.67117,-0.1731,4.9082,87.687,-5.0397
0.13679,0.67117,-0.1731,4.9082,87.687,-5.0398
0.13679,0.67117,-0.1731,4.9082,87.687,-5.0398
0.13679,0.67117,-0.1731,4.9082,87.687,-5.0398
0.13679,0.67117,-0.1731,4.9082,87.687,-5.0398
0.13679,0.67117,-0.1731,4.9082,87.687,-5.0399
0.13679,0.67117,-0.1731,4.9082,87.687,-5.0399
0.13681,0.67117,-0.17311,4.908,87.687,-5.0406
0.13175,0.67158,-0.17133,4.8069,87.679,-5.2432
0.095956,0.67442,-0.15872,4.1026,87.605,-6.6396
-0.02388,0.68275,-0.11629,1.7148,87.175,-11.356
-0.47213,0.6979,0.045368,-7.4972,83.34,-29.367
-2.114,0.50965,0.68211,-39.06,37.453,-94.296
0.85454,0.57927,-0.41956,19.316,83.551,25.914
1.6432,0.39535,-0.67517,33.083,70.191,60.814
-2.76,0.28679,0.95993,-50.328,15.53,-122.49
0.18582,0.66699,-0.19032,9.1623,98.092,3.7365
0.4855,0.63484,-0.29436,16.708,92.123,22.231
1.0322,0.54595,-0.47861,28.036,83.572,48.24
0.89397,0.57225,-0.43274,25.109,86.382,41.049
-0.36084,0.69651,0.0047974,-2.2104,95.121,-17.934
1.2081,0.50851,-0.53628,30.571,82.159,53.786
1.9622,0.29142,-0.77316,42.234,59.577,90.909
-0.71173,0.69544,0.13371,-11.301,90.449,-36.813
0.14756,0.67028,-0.17689,7.897,97.043,0.95135
0.33489,0.65243,-0.24234,11.5,96.695,8.8294
-1.0066,0.68188,0.24436,-19.281,88.248,-52.993
-2.3589,0.43892,0.7849,-51.189,40.434,-121.32
1.5542,0.42103,-0.64722,39.585,81.999,75.374
0.70662,0.60371,-0.36977,21.6,101.49,29.596
1.2546,0.49784,-0.55139,32.978,91.43,56.837
1.1448,0.5225,-0.51563,30.129,94.941,48.403
2.4709,0.080146,-0.92108,51.831,48.954,122.05
0.080363,0.67561,-0.15322,4.328,104.57,-10.181
1.0328,0.54582,-0.47882,26.485,100.5,37.449
2.4419,0.093962,-0.91297,51.819,56.433,117.4
0.0084776,0.68068,-0.12778,0.15343,101,-18.723
2.944,-0.18479,-1.0461,56.036,31.723,147.15
2.4636,0.083674,-0.91903,51.99,63.71,112.3
-1.7371,0.59259,0.52866,-38.982,46.451,-97.995
0.55123,0.62625,-0.3169,10.246,100.21,-1.1915
0.042174,0.67838,-0.13972,-2.9177,94.609,-27.837
1.643,0.39541,-0.6751,33.697,94.014,49.986
0.57942,0.6224,-0.32654,7.6753,99.516,-8.4656
1.3457,0.47599,-0.58081,25.867,101.94,29.267
-0.59963,0.69753,0.092208,-21.283,77.49,-65.069
-2.9222,0.20921,1.0336,-43.546,-64.534,-138.01
1.6294,0.39941,-0.67087,30.81,106.01,34.569
-2.2808,0.46308,0.75182,-44.545,-13.069,-119.05
-0.61583,0.69733,0.098185,-24.623,68.984,-73.787
-0.23899,0.69319,-0.039288,-18.602,79.435,-63.958
1.8505,0.33003,-0.73926,33.942,109.34,37.309
-1.2276,0.66367,0.32875,-37.659,34.186,-100.98
-0.55612,0.69789,0.07618,-27.21,62.43,-81.476
0.9255,0.56648,-0.44325,5.4592,104.64,-22.866
-0.33425,0.69595,-0.0048527,-24.253,67.066,-75.928
-2.0939,0.51481,0.6738,-41.142,-32.171,-116.37
1.6519,0.39277,-0.67788,34.481,147.72,23.784
1.9522,0.295,-0.77013,44.22,154.53,38.393
1.5867,0.41182,-0.65745,31.322,135.42,22.749
-1.0784,0.67674,0.27164,-50.433,41.733,-137.86
1.5701,0.41655,-0.65223,37.604,181.25,17.349
-2.6944,0.31527,0.93064,-59.257,-122.26,-196.33
1.531,0.42748,-0.63992,32.049,181.02,4.029
-2.6752,0.32331,0.92213,-55.985,-127.68,-188.7
-1.4344,0.63995,0.40896,-63.776,7.6142,-171.19
1.3787,0.46777,-0.5914,20.339,174.66,-22.759
-2.1655,0.49596,0.70353,-61.635,-82.311,-181.11
-0.38862,0.69701,0.014898,-61.679,116.21,-185.27
0.21857,0.66403,-0.20179,-35.666,166.55,-139.44
-2.3271,0.44894,0.77141,-78.285,-134.54,-240.25
2.9124,-0.16441,-1.0382,130.63,247.32,180.16
-2.287,0.4612,0.75447,-76.131,-142.2,-236.01
1.7484,0.3632,-0.70787,41.335,248.13,-15.558
0.59739,0.61989,-0.33267,-26.608,183.57,-131.73
1.0795,0.53632,-0.4942,-2.5409,215.14,-94.033
1.7342,0.36767,-0.70347,34.895,241.67,-30.36
-1.5785,0.61936,0.4656,-80.946,-63.287,-223.48
2.1304,0.22836,-0.82332,58.678,257.64,6.9756
2.6896,-0.03237,-0.98069,102.94,272.08,88.415
0.87003,0.57654,-0.42474,-21.653,182.01,-128.85
0.95536,0.56089,-0.45318,-18.747,185.97,-125.29
-0.33277,0.69591,-0.0053893,-68.418,64.78,-199.4
-1.0648,0.67777,0.26648,-79.518,-22.109,-216.76
-1.8428,0.57218,0.57119,-71.308,-124.53,-210.08
-1.379,0.64696,0.38735,-77.58,-67.073,-214.74
-0.93448,0.6863,0.2171,-77.958,-14.838,-213.61
0.98916,0.55442,-0.46439,-22.997,173.81,-134.5
1.9994,0.278,-0.78435,36.039,245.52,-44.905
-2.1799,0.49203,0.70952,-57.491,-174.1,-192.53
0.14985,0.67009,-0.17769,-55.891,96.691,-180.21
0.86055,0.57821,-0.42157,-29.847,160.11,-143.5
-1.3244,0.65339,0.36616,-75.258,-66.688,-207.52
2.2848,0.16485,-0.8683,56.737,260.23,-12.147
-1.8815,0.56418,0.58685,-65.53,-139.25,-198.14
1.7064,0.37627,-0.69487,15.107,224.56,-78.811
-2.2618,0.46872,0.74384,-50.6,-193.31,-182.22
0.068522,0.67649,-0.14903,-59.844,81.225,-185.85
2.8857,-0.14753,-1.0315,108.01,282.92,76.174
2.277,0.1682,-0.86605,53.454,255.73,-18.604
2.7065,-0.041691,-0.98516,89.569,275.38,42.857
2.0437,0.26164,-0.7976,36.575,243.1,-45.283
1.3251,0.48105,-0.57417,-8.2219,192.64,-112.88
-2.9414,0.19929,1.0425,-1.4867,-287.69,-129.78
-2.2168,0.48172,0.72495,-51.168,-186.31,-180.41
-1.0921,0.67567,0.27686,-75.488,-45.742,-206.85
-0.89091,0.68862,0.20069,-75.264,-22.33,-206.35
-0.89091,0.68862,0.20069,-75.264,-22.33,-206.35
-0.89091,0.68862,0.20069,-75.264,-22.33,-206.35
-0.89092,0.68862,0.20069,-75.264,-22.33,-206.35
-0.89092,0.68862,0.20069,-75.264,-22.33,-206.35
-0.89093,0.68862,0.2007,-75.264,-22.331,-206.35
-0.89095,0.68862,0.2007,-75.264,-22.333,-206.35
-0.89098,0.68862,0.20071,-75.264,-22.336,-206.35
-0.89101,0.68862,0.20072,-75.264,-22.339,-206.35
-0.89105,0.68862,0.20074,-75.264,-22.344,-206.35
-0.89111,0.68861,0.20076,-75.265,-22.349,-206.35
-0.89118,0.68861,0.20079,-75.265,-22.356,-206.36
-0.89126,0.68861,0.20082,-75.266,-22.365,-206.36
-0.89136,0.6886,0.20086,-75.266,-22.375,-206.36
-0.89147,0.6886,0.2009,-75.267,-22.386,-206.36
-0.8916,0.68859,0.20094,-75.268,-22.399,-206.36
-0.89174,0.68858,0.201,-75.268,-22.413,-206.36
-0.89189,0.68857,0.20106,-75.269,-22.429,-206.36
-0.89206,0.68857,0.20112,-75.27,-22.446,-206.37
-0.89224,0.68856,0.20119,-75.271,-22.465,-206.37
-0.89244,0.68855,0.20126,-75.273,-22.485,-206.37
-0.89265,0.68854,0.20134,-75.274,-22.506,-206.37
-0.89287,0.68853,0.20142,-75.275,-22.528,-206.38
-0.8931,0.68851,0.20151,-75.276,-22.552,-206.38
-0.89333,0.6885,0.2016,-75.278,-22.576,-206.38
-0.89357,0.68849,0.20169,-75.279,-22.601,-206.38
-0.89382,0.68848,0.20178,-75.281,-22.626,-206.39
-0.89406,0.68847,0.20187,-75.282,-22.651,-206.39
-0.89431,0.68845,0.20196,-75.284,-22.676,-206.39
-0.89455,0.68844,0.20205,-75.285,-22.7,-206.4
-0.89478,0.68843,0.20214,-75.286,-22.724,-206.4
-0.895,0.68842,0.20223,-75.288,-22.747,-206.4
-0.89522,0.68841,0.20231,-75.289,-22.769,-206.4
-0.89542,0.6884,0.20238,-75.29,-22.79,-206.41
-0.8956,0.68839,0.20245,-75.291,-22.808,-206.41
-0.89577,0.68838,0.20251,-75.292,-22.825,-206.41
-0.89591,0.68837,0.20257,-75.293,-22.84,-206.41
-0.89603,0.68836,0.20261,-75.294,-22.852,-206.41
-0.89613,0.68836,0.20265,-75.294,-22.862,-206.42
-0.8962,0.68836,0.20268,-75.295,-22.869,-206.42
-0.89624,0.68835,0.20269,-75.295,-22.874,-206.42
-0.89626,0.68835,0.2027,-75.295,-22.876,-206.42
-0.89625,0.68835,0.20269,-75.295,-22.874,-206.42
-0.89621,0.68836,0.20268,-75.295,-22.87,-206.42
-0.89614,0.68836,0.20265,-75.294,-22.863,-206.42
-0.89604,0.68836,0.20261,-75.293,-22.853,-206.41
-0.89591,0.68837,0.20257,-75.293,-22.84,-206.41
-0.89575,0.68838,0.20251,-75.292,-22.825,-206.41
-0.89557,0.68839,0.20244,-75.29,-22.806,-206.41
-0.89536,0.6884,0.20236,-75.289,-22.786,-206.41
-0.89512,0.68841,0.20227,-75.287,-22.762,-206.4
-0.89487,0.68842,0.20217,-75.286,-22.737,-206.4
-0.89459,0.68844,0.20207,-75.284,-22.71,-206.39
-0.89429,0.68845,0.20196,-75.282,-22.681,-206.39
-0.89397,0.68847,0.20184,-75.279,-22.65,-206.39
-0.89364,0.68849,0.20171,-75.277,-22.618,-206.38
-0.89329,0.6885,0.20158,-75.275,-22.585,-206.37
-0.89293,0.68852,0.20145,-75.272,-22.55,-206.37
-0.89256,0.68854,0.20131,-75.269,-22.515,-206.36
-0.89219,0.68856,0.20117,-75.266,-22.479,-206.36
-0.8918,0.68858,0.20102,-75.263,-22.443,-206.35
-0.89141,0.6886,0.20087,-75.26,-22.407,-206.34
-0.89101,0.68862,0.20072,-75.257,-22.37,-206.34
-0.89061,0.68864,0.20057,-75.254,-22.333,-206.33
-0.89021,0.68866,0.20042,-75.251,-22.296,-206.32
-0.88981,0.68868,0.20027,-75.247,-22.259,-206.32
-0.8894,0.6887,0.20012,-75.244,-22.222,-206.31
-0.889,0.68872,0.19997,-75.241,-22.185,-206.3
-0.8886,0.68874,0.19982,-75.237,-22.149,-206.29
-0.8882,0.68876,0.19967,-75.234,-22.112,-206.29
-0.8878,0.68878,0.19952,-75.231,-22.076,-206.28
-0.8874,0.6888,0.19937,-75.227,-22.04,-206.27
-0.88701,0.68882,0.19922,-75.224,-22.004,-206.26
-0.88661,0.68884,0.19907,-75.221,-21.969,-206.26
-0.88623,0.68886,0.19893,-75.218,-21.934,-206.25
-0.88584,0.68888,0.19878,-75.215,-21.899,-206.24
-0.88546,0.6889,0.19864,-75.212,-21.864,-206.24
-0.88509,0.68891,0.1985,-75.209,-21.83,-206.23
-0.88473,0.68893,0.19836,-75.206,-21.796,-206.22
-0.88437,0.68895,0.19823,-75.203,-21.763,-206.22
-0.88402,0.68897,0.1981,-75.2,-21.73,-206.21
-0.88368,0.68898,0.19797,-75.198,-21.698,-206.21
-0.88336,0.689,0.19785,-75.195,-21.668,-206.2
-0.88305,0.68901,0.19773,-75.193,-21.638,-206.2
-0.88276,0.68903,0.19762,-75.191,-21.61,-206.19
-0.88248,0.68904,0.19752,-75.189,-21.584,-206.19
-0.88222,0.68906,0.19742,-75.187,-21.559,-206.18
-0.88199,0.68907,0.19733,-75.185,-21.536,-206.18
-0.88177,0.68908,0.19725,-75.184,-21.515,-206.18
-0.88158,0.68909,0.19718,-75.182,-21.496,-206.17
-0.88141,0.6891,0.19712,-75.181,-21.479,-206.17
-0.88127,0.6891,0.19706,-75.18,-21.465,-206.17
-0.88114,0.68911,0.19702,-75.179,-21.453,-206.17
-0.88104,0.68911,0.19698,-75.179,-21.443,-206.17
-0.88097,0.68912,0.19695,-75.178,-21.435,-206.16
-0.88091,0.68912,0.19693,-75.178,-21.429,-206.16
-0.88087,0.68912,0.19691,-75.178,-21.425,-206.16
-0.88084,0.68912,0.1969,-75.177,-21.423,-206.16
-0.88083,0.68912,0.1969,-75.177,-21.421,-206.16
-0.88082,0.68912,0.19689,-75.177,-21.421,-206.16
-0.88082,0.68912,0.19689,-75.177,-21.421,-206.16
-0.88082,0.68912,0.19689,-75.177,-21.421,-206.16
-0.88082,0.68912,0.19689,-75.177,-21.421,-206.16
-0.88082,0.68912,0.19689,-75.177,-21.421,-206.16
-0.88082,0.68912,0.19689,-75.177,-21.421,-206.16
-0.88082,0.68912,0.19689,-75.177,-21.421,-206.16
-0.88082,0.68912,0.19689,-75.177,-21.421,-206.16
-0.88082,0.68912,0.19689,-75.177,-21.421,-206.16
-0.88082,0.68912,0.19689,-75.177,-21.421,-206.16
-0.88082,0.68912,0.19689,-75.177,-21.421,-206.16
-0.88082,0.68912,0.19689,-75.177,-21.421,-206.16
-0.88082,0.68912,0.19689,-75.177,-21.421,-206.16
-0.88082,0.68912,0.19689,-75.177,-21.421,-206.16
-0.88082,0.68912,0.19689,-75.177,-21.421,-206.16
-0.88082,0.68912,0.19689,-75.177,-21.421,-206.16
-0.88082,0.68912,0.19689,-75.177,-21.421,-206.16
-0.88082,0.68912,0.19689,-75.177,-21.421,-206.16
-0.88082,0.68912,0.19689,-75.177,-21.421,-206.16
-0.88082,0.68912,0.19689,-75.177,-21.421,-206.16
-0.88082,0.68912,0.19689,-75.177,-21.421,-206.16
-0.88082,0.68912,0.19689,-75.177,-21.421,-206.16
-0.88082,0.68912,0.19689,-75.177,-21.421,-206.16
-0.88082,0.68912,0.19689,-75.177,-21.421,-206.16
-0.88082,0.68912,0.19689,-75.177,-21.421,-206.16
-0.88082,0.68912,0.19689,-75.177,-21.421,-206.16
-0.88082,0.68912,0.19689,-75.177,-21.421,-206.16
-0.88082,0.68912,0.19689,-75.177,-21.421,-206.16
-0.88082,0.68912,0.19689,-75.177,-21.421,-206.16
-0.88082,0.68912,0.19689,-75.177,-21.421,-206.16
-0.88082,0.68912,0.19689,-75.177,-21.421,-206.16
-0.88082,0.68912,0.19689,-75.177,-21.421,-206.16
-0.88082,0.68912,0.19689,-75.177,-21.421,-206.16
-0.88082,0.68912,0.19689,-75.177,-21.421,-206.16
-0.88082,0.68912,0.19689,-75.177,-21.421,-206.16
-0.88082,0.68912,0.19689,-75.177,-21.421,-206.16
-0.88082,0.68912,0.19689,-75.177,-21.421,-206.16
-0.88082,0.68912,0.19689,-75.177,-21.421,-206.16
-0.88082,0.68912,0.19689,-75.177,-21.421,-206.16
-0.88082,0.68912,0.19689,-75.177,-21.421,-206.16
-0.88082,0.68912,0.19689,-75.177,-21.421,-206.16
-0.88082,0.68912,0.19689,-75.177,-21.421,-206.16
-0.88082,0.68912,0.19689,-75.177,-21.421,-206.16
-0.88082,0.68912,0.19689,-75.177,-21.421,-206.16
-0.88082,0.68912,0.19689,-75.177,-21.421,-206.16
-0.88082,0.68912,0.19689,-75.177,-21.421,-206.16
-0.88082,0.68912,0.19689,-75.177,-21.421,-206.16
-0.88082,0.68912,0.19689,-75.177,-21.421,-206.16
-0.88082,0.68912,0.19689,-75.177,-21.421,-206.16
-0.88082,0.68912,0.19689,-75.177,-21.421,-206.16
-0.88082,0.68912,0.19689,-75.177,-21.421,-206.16
-0.88082,0.68912,0.19689,-75.177,-21.421,-206.16
-0.88082,0.68912,0.19689,-75.177,-21.421,-206.16
-0.88082,0.68912,0.19689,-75.177,-21.421,-206.16
-0.88082,0.68912,0.19689,-75.177,-21.421,-206.16
-0.88082,0.68912,0.19689,-75.177,-21.421,-206.16
-0.88082,0.68912,0.19689,-75.177,-21.421,-206.16
-0.88082,0.68912,0.19689,-75.177,-21.421,-206.16
-0.88082,0.68912,0.19689,-75.177,-21.421,-206.16
-0.88082,0.68912,0.19689,-75.177,-21.421,-206.16
-0.88082,0.68912,0.19689,-75.177,-21.421,-206.16
-0.88082,0.68912,0.19689,-75.177,-21.421,-206.16
-0.88082,0.68912,0.19689,-75.177,-21.421,-206.16
-0.88082,0.68912,0.19689,-75.177,-21.421,-206.16
-0.88082,0.68912,0.19689,-75.177,-21.421,-206.16
-0.88082,0.68912,0.19689,-75.177,-21.421,-206.16
-0.88082,0.68912,0.19689,-75.177,-21.421,-206.16
-0.88082,0.68912,0.19689,-75.177,-21.421,-206.16
-0.88082,0.68912,0.19689,-75.177,-21.421,-206.16
-0.88082,0.68912,0.19689,-75.177,-21.421,-206.16
-0.88082,0.68912,0.19689,-75.177,-21.421,-206.16
-0.88082,0.68912,0.19689,-75.177,-21.421,-206.16
-0.88082,0.68912,0.19689,-75.177,-21.421,-206.16
-0.88082,0.68912,0.19689,-75.177,-21.421,-206.16
-0.88082,0.68912,0.19689,-75.177,-21.421,-206.16
-0.88082,0.68912,0.19689,-75.177,-21.421,-206.16
-0.88082,0.68912,0.19689,-75.177,-21.421,-206.16
-0.88082,0.68912,0.19689,-75.177,-21.421,-206.16
-0.88082,0.68912,0.19689,-75.177,-21.421,-206.16
-0.88082,0.68912,0.19689,-75.177,-21.421,-206.16
-0.88082,0.68912,0.19689,-75.177,-21.421,-206.16
-0.88082,0.68912,0.19689,-75.177,-21.421,-206.16
-0.88082,0.68912,0.19689,-75.177,-21.421,-206.16
-0.88082,0.68912,0.19689,-75.177,-21.421,-206.16
-0.88082,0.68912,0.19689,-75.177,-21.421,-206.16
-0.88082,0.68912,0.19689,-75.177,-21.421,-206.16
-0.88082,0.68912,0.19689,-75.177,-21.421,-206.16
-0.88082,0.68912,0.19689,-75.177,-21.421,-206.16
-0.88082,0.68912,0.19689,-75.177,-21.421,-206.16
-0.88082,0.68912,0.19689,-75.177,-21.421,-206.16
-0.88082,0.68912,0.19689,-75.177,-21.421,-206.16
-0.88082,0.68912,0.19689,-75.177,-21.421,-206.16
-0.88082,0.68912,0.19689,-75.177,-21.421,-206.16
-0.88082,0.68912,0.19689,-75.177,-21.421,-206.16
-0.88082,0.68912,0.19689,-75.177,-21.421,-206.16
-0.88082,0.68912,0.19689,-75.177,-21.421,-206.16
-0.88082,0.68912,0.19689,-75.177,-21.421,-206.16
-0.88082,0.68912,0.19689,-75.177,-21.421,-206.16
-0.88082,0.68912,0.19689,-75.177,-21.421,-206.16
-0.88082,0.68912,0.19689,-75.177,-21.421,-206.16
-0.88082,0.68912,0.19689,-75.177,-21.421,-206.16
-0.88082,0.68912,0.19689,-75.177,-21.421,-206.16
-0.88082,0.68912,0.19689,-75.177,-21.421,-206.16
-0.88082,0.68912,0.19689,-75.177,-21.421,-206.16
-0.88083,0.68912,0.1969,-75.177,-21.421,-206.16
-0.88084,0.68912,0.1969,-75.177,-21.423,-206.16
-0.88087,0.68912,0.19691,-75.178,-21.425,-206.16
-0.88091,0.68912,0.19693,-75.178,-21.43,-206.16
-0.88097,0.68912,0.19695,-75.178,-21.436,-206.16
-0.88106,0.68911,0.19698,-75.179,-21.445,-206.17
-0.88118,0.68911,0.19703,-75.18,-21.457,-206.17
-0.88132,0.6891,0.19708,-75.181,-21.471,-206.17
-0.8815,0.68909,0.19715,-75.182,-21.49,-206.17
-0.88172,0.68908,0.19723,-75.183,-21.512,-206.17
-0.88198,0.68907,0.19733,-75.185,-21.538,-206.18
-0.88228,0.68905,0.19744,-75.187,-21.569,-206.18
-0.88263,0.68904,0.19757,-75.189,-21.605,-206.18
-0.88303,0.68902,0.19772,-75.192,-21.646,-206.19
-0.88348,0.68899,0.19789,-75.194,-21.692,-206.19
-0.88397,0.68897,0.19808,-75.197,-21.743,-206.2
-0.88452,0.68894,0.19829,-75.201,-21.8,-206.21
-0.88513,0.68891,0.19851,-75.204,-21.863,-206.21
-0.88578,0.68888,0.19876,-75.208,-21.931,-206.22
-0.88648,0.68885,0.19902,-75.212,-22.004,-206.23
-0.88724,0.68881,0.19931,-75.217,-22.082,-206.24
-0.88804,0.68877,0.19961,-75.221,-22.166,-206.25
-0.88888,0.68873,0.19993,-75.226,-22.254,-206.25
-0.88977,0.68868,0.20026,-75.231,-22.347,-206.26
-0.89069,0.68864,0.20061,-75.236,-22.443,-206.27
-0.89165,0.68859,0.20096,-75.242,-22.543,-206.28
-0.89263,0.68854,0.20133,-75.247,-22.646,-206.29
-0.89363,0.68849,0.20171,-75.253,-22.751,-206.3
-0.89466,0.68843,0.2021,-75.259,-22.859,-206.32
-0.89569,0.68838,0.20248,-75.264,-22.967,-206.33
-0.89673,0.68833,0.20287,-75.27,-23.076,-206.34
-0.89776,0.68828,0.20326,-75.276,-23.185,-206.35
-0.89879,0.68822,0.20365,-75.281,-23.293,-206.36
-0.89981,0.68817,0.20404,-75.287,-23.4,-206.37
-0.90081,0.68812,0.20441,-75.292,-23.505,-206.38
-0.90179,0.68807,0.20478,-75.297,-23.608,-206.39
-0.90275,0.68802,0.20514,-75.302,-23.708,-206.4
-0.90367,0.68797,0.20549,-75.307,-23.805,-206.41
-0.90455,0.68793,0.20582,-75.312,-23.898,-206.42
-0.9054,0.68788,0.20614,-75.317,-23.986,-206.43
-0.9062,0.68784,0.20644,-75.321,-24.071,-206.43
-0.90696,0.6878,0.20673,-75.325,-24.15,-206.44
-0.90767,0.68776,0.20699,-75.329,-24.225,-206.45
-0.90834,0.68773,0.20724,-75.332,-24.294,-206.46
-0.90895,0.68769,0.20748,-75.336,-24.358,-206.46
-0.90952,0.68766,0.20769,-75.339,-24.417,-206.47
-0.91003,0.68764,0.20788,-75.341,-24.47,-206.48
-0.9105,0.68761,0.20806,-75.344,-24.519,-206.48
-0.91091,0.68759,0.20821,-75.346,-24.562,-206.49
-0.91128,0.68757,0.20835,-75.348,-24.6,-206.49
-0.9116,0.68755,0.20847,-75.35,-24.633,-206.49
-0.91187,0.68754,0.20857,-75.351,-24.661,-206.5
-0.9121,0.68753,0.20866,-75.353,-24.684,-206.5
-0.91229,0.68752,0.20873,-75.354,-24.704,-206.5
-0.91244,0.68751,0.20879,-75.355,-24.719,-206.5
-0.91255,0.6875,0.20883,-75.355,-24.73,-206.5
-0.91262,0.6875,0.20886,-75.356,-24.738,-206.5
-0.91267,0.6875,0.20887,-75.356,-24.742,-206.51
-0.91268,0.6875,0.20888,-75.356,-24.743,-206.51
-0.91266,0.6875,0.20887,-75.356,-24.742,-206.51
-0.91262,0.6875,0.20886,-75.355,-24.738,-206.5
-0.91256,0.6875,0.20883,-75.355,-24.731,-206.5
-0.91247,0.68751,0.2088,-75.355,-24.722,-206.5
-0.91237,0.68751,0.20876,-75.354,-24.712,-206.5
-0.91225,0.68752,0.20872,-75.353,-24.7,-206.5
-0.91211,0.68753,0.20867,-75.352,-24.686,-206.5
-0.91197,0.68753,0.20861,-75.351,-24.672,-206.5
-0.91181,0.68754,0.20855,-75.35,-24.656,-206.49
-0.91164,0.68755,0.20849,-75.349,-24.64,-206.49
-0.91147,0.68756,0.20842,-75.348,-24.623,-206.49
-0.9113,0.68757,0.20836,-75.347,-24.605,-206.49
-0.91112,0.68758,0.20829,-75.346,-24.587,-206.49
-0.91094,0.68759,0.20822,-75.345,-24.569,-206.48
-0.91076,0.6876,0.20815,-75.343,-24.551,-206.48
-0.91058,0.68761,0.20809,-75.342,-24.533,-206.48
-0.9104,0.68762,0.20802,-75.341,-24.516,-206.48
-0.91023,0.68763,0.20796,-75.34,-24.499,-206.47
-0.91006,0.68764,0.20789,-75.339,-24.482,-206.47
-0.9099,0.68764,0.20783,-75.338,-24.466,-206.47
-0.90974,0.68765,0.20777,-75.337,-24.45,-206.47
-0.9096,0.68766,0.20772,-75.336,-24.436,-206.47
-0.90946,0.68767,0.20767,-75.335,-24.422,-206.46
-0.90933,0.68767,0.20762,-75.334,-24.409,-206.46
-0.90921,0.68768,0.20757,-75.333,-24.397,-206.46
-0.90911,0.68769,0.20753,-75.333,-24.387,-206.46
-0.90901,0.68769,0.2075,-75.332,-24.377,-206.46
-0.90892,0.6877,0.20746,-75.332,-24.368,-206.46
-0.90885,0.6877,0.20744,-75.331,-24.361,-206.46
-0.90879,0.6877,0.20741,-75.331,-24.355,-206.45
-0.90874,0.68771,0.20739,-75.33,-24.349,-206.45
-0.90869,0.68771,0.20738,-75.33,-24.345,-206.45
-0.90866,0.68771,0.20737,-75.33,-24.342,-206.45
-0.90864,0.68771,0.20736,-75.33,-24.339,-206.45
-0.90862,0.68771,0.20735,-75.33,-24.338,-206.45
-0.90861,0.68771,0.20735,-75.329,-24.337,-206.45
-0.9086,0.68771,0.20734,-75.329,-24.336,-206.45
-0.9086,0.68771,0.20734,-75.329,-24.336,-206.45
-0.9086,0.68771,0.20734,-75.329,-24.336,-206.45
-0.90861,0.68771,0.20736,-75.331,-24.334,-206.45
-1.0823,0.67641,0.27326,-75.54,-44.666,-206.93
2.9025,-0.15902,-1.0362,109.64,284.21,78.077
-1.8711,0.56687,0.58354,-65.957,-137.76,-198.59
-2.5484,0.3744,0.8683,-32.262,-240.5,-161.85
2.7798,-0.088797,-1.0056,93.84,294.22,30.925
1.6657,0.38049,-0.68021,2.701,217.17,-110.03
1.113,0.51879,-0.4995,-18.486,163.07,-122.06
-0.26275,0.68428,-0.017524,-62.938,41.185,-180.53
-1.6739,0.59982,0.52652,-64.987,-106.4,-184.87
0.42883,0.62784,-0.26204,-45.536,105.18,-156.72
-2.5623,0.38348,0.90213,-34.466,-217.79,-151.85
-2.7338,0.32508,0.99392,-25.064,-239.8,-139.94
-1.0047,0.66897,0.28069,-72.681,-27.557,-190.92
2.9135,-0.21576,-1.0754,107.02,259.34,83.586
1.7494,0.30209,-0.7137,18.798,210.66,-63.547
-1.9614,0.53978,0.70425,-43.15,-106.59,-124.24
0.070505,0.61801,-0.071351,-41.841,57.6,-121.87
-2.7202,0.338,1.0404,-18.48,-159.23,-87.719
1.5755,0.30559,-0.6519,3.9532,129.8,-55.276
-1.4833,0.59854,0.55396,-48.725,-54.535,-121.27
-2.0009,0.51643,0.80336,-42.661,-94.465,-114.11
-0.95004,0.60268,0.3864,-50.498,-11.495,-123.57
1.8212,0.13551,-0.73032,17.19,141.32,-33.819
-1.6184,0.56683,0.6709,-51.868,-59.835,-121.62
-2.7913,0.3892,1.1908,-31.734,-162.74,-92.839
-2.5946,0.45903,1.1118,-41.648,-142.41,-102.26
-1.7268,0.57395,0.77207,-57.164,-62.612,-121.98
-2.1642,0.52362,0.91205,-53.798,-97.122,-116.83
2.6802,-0.38121,-1.0979,68.674,159.43,57.868
2.8063,-0.48332,-1.1447,77.279,158.4,76.169
-1.0527,0.48815,0.47332,-53.694,-0.43009,-123.82
1.5299,-0.053809,-0.68398,21.886,138.86,-28.531
2.5441,-0.42732,-1.1791,74.842,154.89,61.458
-0.86652,0.38469,0.49877,-52.387,18.912,-121.56
2.6475,-0.48215,-1.1516,75.672,152.86,79.868
2.046,-0.52157,-0.82481,50.764,150.24,24.946
0.44267,0.17545,-0.40841,-6.3062,106.33,-75.383
0.23768,0.96301,0.38155,-77.311,88.808,-66.363
0.4524,0.74034,1.095,-99.602,81.145,-55.239
-0.62489,0.45583,2.6189,-132.84,-33.943,-96.669
0.95443,1.849,-2.0985,46.699,134.42,-21.846
0.84635,1.4746,2.2671,-182.02,31.994,22.153
-0.1435,1.9345,-2.0223,24.795,99.003,-87.918
0.666,2.4862,-0.69558,-37.666,137.35,2.006
0.17187,-2.2955,2.1228,-42.217,92.507,-87.809
-1.8086,1.6945,-1.682,-21.497,10.048,-155.37
0.31393,-0.0050888,-0.53895,26.371,121.29,-46.864
1.1387,-0.85846,-2.6491,186.6,46.902,41.387
0.3541,0.32024,-2.0315,113.41,89.04,-43.904
0.43202,1.1112,-0.13131,-20.638,130.23,-25.579
-0.35078,0.60854,1.6184,-114.19,76.992,-63.414
1.034,-0.37517,-1.3755,97.378,114.45,21.768
-0.35358,0.95935,2.0382,-149.27,60.29,-46.288
0.69908,0.23567,-2.4476,158.26,62.226,-9.3743
0.50152,0.77829,0.31315,-13.805,158.56,-8.2619
0.41838,0.71658,0.72706,-41.648,156.37,-8.4778
0.43978,0.10705,-2.923,225.74,-11.724,-13.502
0.060015,0.45775,2.5756,-192.86,87.739,-20.622
0.3919,0.45415,-2.0668,172.87,67.632,-25.116
0.42272,0.50809,-1.7358,152.74,86.787,-20.395
0.59546,0.62242,-0.71246,84.949,136.84,-0.49138
0.864,0.83868,0.048693,32.231,155.67,26.166
0.057023,0.78946,-2.9528,216.63,-36.534,-70.581
0.24788,0.31232,-3.1028,233.48,-59.304,-28.229
0.097814,0.22569,-0.72637,96.775,128.55,-20.528
-0.9178,-0.073272,1.2649,-50.016,141.32,-90.856
0.67535,-1.5815,-2.2096,180.18,7.1684,124.79
-0.47655,0.030341,-0.20787,70.698,137.19,-50.513
-0.51,0.026535,-0.10936,35.744,-110.45,58.377
-0.35475,-0.30146,-0.83432,-23.649,-131.05,54.303
-0.44918,-0.11497,-0.43088,5.9304,-129.03,56.941
-0.59382,0.46022,1.1366,112.62,-87.259,45.508
-0.55348,0.45139,1.1579,113.96,-87.853,41.315
-0.55139,0.52841,1.3464,124.63,-81.303,35.717
-0.38034,-0.29126,-0.91047,-36.065,-135.03,44.837
-0.50303,0.65368,1.7147,149.02,-66.752,22.622
-0.38947,-0.3069,-0.98593,-42.38,-140.31,44.179
-0.54675,0.22065,0.54246,83.826,-109.6,41.212
-0.41987,-0.30806,-0.98282,-33.24,-156.11,49.306
-0.30008,-0.54428,-1.713,-99.779,-148.35,35.949
-0.15093,0.92076,2.956,230.71,54.387,-45.391
-0.517,0.024569,0.10028,54.11,-145.59,47.061
-0.50157,-0.15666,-0.43343,9.6815,-156.02,48.644
-0.38501,-0.40883,-1.2853,-63.971,-155.26,38.57
-0.21267,-0.62796,-2.1153,-141.73,-134.86,17.411
-0.28859,0.68039,2.5157,213.05,-5.8967,-16.84
-0.27396,-0.53631,-1.7877,-113.37,-148.01,24.36
-0.44797,-0.30209,-0.86341,-30.746,-161.1,41.438
-0.4876,-0.20933,-0.49801,0.20439,-159.41,43.729
-0.26915,-0.55564,-1.8474,-118.57,-149.17,22.686
-0.45967,0.38887,1.655,166.77,-80.55,16.761
-0.42337,-0.35237,-1.0345,-45.027,-162.77,38.311
-0.52941,0.11266,0.71061,103.21,-130.66,37.121
0.020863,-0.76043,-2.7816,-207.13,-120.5,-11.311
-0.2945,0.64453,2.5211,224.13,13.394,-24.234
-0.53005,-0.014261,0.25648,79.097,-145.12,42.062
-0.50282,0.25897,1.2367,159.74,-102.98,26.391
0,0,0,0,0,0
