1,0,0,0,1,0,0,0,1,0,0,0.6,0
1,0,1.3364e-06,0,1,0,-1.3364e-06,0,1,6.8647e-07,0,0.6,0
1,0,1.0627e-05,0,1,0,-1.0627e-05,0,1,5.4587e-06,0,0.6,0
1,0,3.5649e-05,0,1,0,-3.5649e-05,0,1,1.8312e-05,0,0.60001,0
1,0,8.399e-05,0,1,0,-8.399e-05,0,1,4.3145e-05,0,0.60003,0
1,0,0.00016305,0,1,0,-0.00016305,0,1,8.3759e-05,0,0.60006,0
1,0,0.00028004,0,1,0,-0.00028004,0,1,0.00014386,0,0.6001,0
1,0,0.00044197,0,1,0,-0.00044197,0,1,0.00022707,0,0.60016,0
1,0,0.0006557,0,1,0,-0.0006557,0,1,0.0003369,0,0.60024,0
1,0,0.00092788,0,1,0,-0.00092788,0,1,0.00047679,0,0.60034,0
1,0,0.001265,0,1,0,-0.001265,0,1,0.00065009,0,0.60047,0
1,0,0.0016733,0,1,0,-0.0016733,0,1,0.00086006,0,0.60062,0
1,0,0.002159,0,1,0,-0.002159,0,1,0.0011099,0,0.6008,0
1,0,0.0027279,0,1,0,-0.0027279,0,1,0.0014026,0,0.60101,0
0.99999,0,0.0033859,0,1,0,-0.0033859,0,0.99999,0.0017414,0,0.60125,0
0.99999,0,0.0041385,0,1,0,-0.0041385,0,0.99999,0.002129,0,0.60153,0
0.99999,0,0.0049912,0,1,0,-0.0049912,0,0.99999,0.0025685,0,0.60184,0
0.99998,0,0.0059492,0,1,0,-0.0059492,0,0.99998,0.0030625,0,0.60219,0
0.99998,0,0.0070175,0,1,0,-0.0070175,0,0.99998,0.0036138,0,0.60258,0
0.99997,0,0.0082012,0,1,0,-0.0082012,0,0.99997,0.0042252,0,0.60302,0
0.99995,0,0.0095048,0,1,0,-0.0095048,0,0.99995,0.0048991,0,0.60349,0
0.99994,0,0.010933,0,1,0,-0.010933,0,0.99994,0.0056382,0,0.60402,0
0.99992,0,0.01249,0,1,0,-0.01249,0,0.99992,0.0064449,0,0.60458,0
0.9999,0,0.014181,0,1,0,-0.014181,0,0.9999,0.0073216,0,0.6052,0
0.99987,0,0.016009,0,1,0,-0.016009,0,0.99987,0.0082708,0,0.60586,0
0.99984,0,0.017978,0,1,0,-0.017978,0,0.99984,0.0092947,0,0.60657,0
0.9998,0,0.020092,0,1,0,-0.020092,0,0.9998,0.010396,0,0.60733,0
0.99975,0,0.022355,0,1,0,-0.022355,0,0.99975,0.011576,0,0.60815,0
0.99969,0,0.02477,0,1,0,-0.02477,0,0.99969,0.012837,0,0.60901,0
0.99963,0,0.02734,0,1,0,-0.02734,0,0.99963,0.014182,0,0.60993,0
0.99955,0,0.030069,0,1,0,-0.030069,0,0.99955,0.015613,0,0.6109,0
0.99946,0,0.032959,0,1,0,-0.032959,0,0.99946,0.017131,0,0.61192,0
0.99935,0,0.036014,0,1,0,-0.036014,0,0.99935,0.01874,0,0.613,0
0.99923,0,0.039235,0,1,0,-0.039235,0,0.99923,0.020439,0,0.61413,0
0.99909,0,0.042626,0,1,0,-0.042626,0,0.99909,0.022232,0,0.61531,0
0.99893,0,0.046189,0,1,0,-0.046189,0,0.99893,0.024121,0,0.61655,0
0.99875,0,0.049925,0,1,0,-0.049925,0,0.99875,0.026107,0,0.61784,0
0.99855,0,0.053837,0,1,0,-0.053837,0,0.99855,0.028192,0,0.61918,0
0.99832,0,0.057928,0,1,0,-0.057928,0,0.99832,0.030377,0,0.62058,0
0.99806,0,0.062197,0,1,0,-0.062197,0,0.99806,0.032666,0,0.62202,0
0.99778,0,0.066648,0,1,0,-0.066648,0,0.99778,0.035058,0,0.62352,0
0.99746,0,0.071281,0,1,0,-0.071281,0,0.99746,0.037557,0,0.62507,0
0.9971,0,0.076097,0,1,0,-0.076097,0,0.9971,0.040163,0,0.62667,0
0.99671,0,0.081099,0,1,0,-0.081099,0,0.99671,0.042877,0,0.62832,0
0.99627,0,0.086285,0,1,0,-0.086285,0,0.99627,0.045703,0,0.63002,0
0.99579,0,0.091658,0,1,0,-0.091658,0,0.99579,0.048641,0,0.63176,0
0.99526,0,0.097218,0,1,0,-0.097218,0,0.99526,0.051692,0,0.63355,0
0.99468,0,0.10297,0,1,0,-0.10297,0,0.99468,0.054858,0,0.63538,0
0.99405,0,0.1089,0,1,0,-0.1089,0,0.99405,0.05814,0,0.63725,0
0.99336,0,0.11502,0,1,0,-0.11502,0,0.99336,0.06154,0,0.63916,0
0.99261,0,0.12133,0,1,0,-0.12133,0,0.99261,0.065058,0,0.64111,0
0.9918,0,0.12783,0,1,0,-0.12783,0,0.9918,0.068697,0,0.64309,0
0.99091,0,0.13451,0,1,0,-0.13451,0,0.99091,0.072457,0,0.64511,0
0.98996,0,0.14138,0,1,0,-0.14138,0,0.98996,0.076339,0,0.64716,0
0.98892,0,0.14843,0,1,0,-0.14843,0,0.98892,0.080344,0,0.64924,0
0.98781,0,0.15567,0,1,0,-0.15567,0,0.98781,0.084473,0,0.65135,0
0.98661,0,0.16309,0,1,0,-0.16309,0,0.98661,0.088728,0,0.65348,0
0.98533,0,0.17069,0,1,0,-0.17069,0,0.98533,0.093108,0,0.65563,0
0.98395,0,0.17847,0,1,0,-0.17847,0,0.98395,0.097615,0,0.6578,0
0.98247,0,0.18642,0,1,0,-0.18642,0,0.98247,0.10225,0,0.65999,0
0.98089,0,0.19456,0,1,0,-0.19456,0,0.98089,0.10701,0,0.66219,0
0.97921,0,0.20287,0,1,0,-0.20287,0,0.97921,0.1119,0,0.6644,0
0.97741,0,0.21135,0,1,0,-0.21135,0,0.97741,0.11692,0,0.66661,0
0.9755,0,0.21999,0,1,0,-0.21999,0,0.9755,0.12207,0,0.66883,0
0.97347,0,0.22881,0,1,0,-0.22881,0,0.97347,0.12735,0,0.67105,0
0.97132,0,0.23778,0,1,0,-0.23778,0,0.97132,0.13276,0,0.67327,0
0.96904,0,0.24692,0,1,0,-0.24692,0,0.96904,0.1383,0,0.67548,0
0.96662,0,0.25621,0,1,0,-0.25621,0,0.96662,0.14396,0,0.67768,0
0.96407,0,0.26566,0,1,0,-0.26566,0,0.96407,0.14976,0,0.67986,0
0.96137,0,0.27526,0,1,0,-0.27526,0,0.96137,0.15569,0,0.68203,0
0.95853,0,0.285,0,1,0,-0.285,0,0.95853,0.16175,0,0.68417,0
0.95553,0,0.29488,0,1,0,-0.29488,0,0.95553,0.16793,0,0.68629,0
0.95238,0,0.3049,0,1,0,-0.3049,0,0.95238,0.17424,0,0.68838,0
0.94907,0,0.31505,0,1,0,-0.31505,0,0.94907,0.18068,0,0.69044,0
0.9456,0,0.32533,0,1,0,-0.32533,0,0.9456,0.18725,0,0.69246,0
0.94196,0,0.33574,0,1,0,-0.33574,0,0.94196,0.19394,0,0.69444,0
0.93814,0,0.34626,0,1,0,-0.34626,0,0.93814,0.20076,0,0.69637,0
0.93415,0,0.35689,0,1,0,-0.35689,0,0.93415,0.2077,0,0.69826,0
0.92997,0,0.36763,0,1,0,-0.36763,0,0.92997,0.21476,0,0.70009,0
0.92561,0,0.37847,0,1,0,-0.37847,0,0.92561,0.22194,0,0.70186,0
0.92106,0,0.38941,0,1,0,-0.38941,0,0.92106,0.22924,0,0.70357,0
0.91632,0,0.40044,0,1,0,-0.40044,0,0.91632,0.23666,0,0.70522,0
0.91139,0,0.41155,0,1,0,-0.41155,0,0.91139,0.2442,0,0.70679,0
0.90625,0,0.42274,0,1,0,-0.42274,0,0.90625,0.25185,0,0.7083,0
0.90091,0,0.434,0,1,0,-0.434,0,0.90091,0.2596,0,0.70972,0
0.89537,0,0.44532,0,1,0,-0.44532,0,0.89537,0.26747,0,0.71107,0
0.88962,0,0.4567,0,1,0,-0.4567,0,0.88962,0.27545,0,0.71232,0
0.88366,0,0.46813,0,1,0,-0.46813,0,0.88366,0.28353,0,0.71349,0
0.87748,0,0.47961,0,1,0,-0.47961,0,0.87748,0.29171,0,0.71457,0
0.87109,0,0.49112,0,1,0,-0.49112,0,0.87109,0.29999,0,0.71555,0
0.86448,0,0.50267,0,1,0,-0.50267,0,0.86448,0.30836,0,0.71642,0
0.85765,0,0.51423,0,1,0,-0.51423,0,0.85765,0.31683,0,0.71719,0
0.8506,0,0.52581,0,1,0,-0.52581,0,0.8506,0.32539,0,0.71786,0
0.84333,0,0.5374,0,1,0,-0.5374,0,0.84333,0.33403,0,0.71841,0
0.83583,0,0.54899,0,1,0,-0.54899,0,0.83583,0.34276,0,0.71885,0
0.82811,0,0.56057,0,1,0,-0.56057,0,0.82811,0.35156,0,0.71917,0
0.82016,0,0.57213,0,1,0,-0.57213,0,0.82016,0.36045,0,0.71937,0
0.81199,0,0.58367,0,1,0,-0.58367,0,0.81199,0.3694,0,0.71944,0
0.80359,0,0.59518,0,1,0,-0.59518,0,0.80359,0.37842,0,0.71938,0
0.79497,0,0.60665,0,1,0,-0.60665,0,0.79497,0.3875,0,0.7192,0
0.78612,0,0.61808,0,1,0,-0.61808,0,0.78612,0.39665,0,0.71888,0
0.77704,0,0.62945,0,1,0,-0.62945,0,0.77704,0.40585,0,0.71843,0
0.76774,0,0.64076,0,1,0,-0.64076,0,0.76774,0.4151,0,0.71784,0
0.75822,0,0.652,0,1,0,-0.652,0,0.75822,0.42439,0,0.71711,0
0.74848,0,0.66316,0,1,0,-0.66316,0,0.74848,0.43373,0,0.71623,0
0.73852,0,0.67423,0,1,0,-0.67423,0,0.73852,0.44311,0,0.71521,0
0.72834,0,0.68522,0,1,0,-0.68522,0,0.72834,0.45252,0,0.71405,0
0.71794,0,0.6961,0,1,0,-0.6961,0,0.71794,0.46196,0,0.71274,0
0.70734,0,0.70688,0,1,0,-0.70688,0,0.70734,0.47142,0,0.71128,0
0.69652,0,0.71754,0,1,0,-0.71754,0,0.69652,0.4809,0,0.70967,0
0.6855,0,0.72808,0,1,0,-0.72808,0,0.6855,0.49039,0,0.70791,0
0.67427,0,0.73848,0,1,0,-0.73848,0,0.67427,0.49989,0,0.70599,0
0.66284,0,0.74876,0,1,0,-0.74876,0,0.66284,0.5094,0,0.70392,0
0.65122,0,0.75889,0,1,0,-0.75889,0,0.65122,0.5189,0,0.7017,0
0.63941,0,0.76887,0,1,0,-0.76887,0,0.63941,0.5284,0,0.69933,0
0.62741,0,0.77869,0,1,0,-0.77869,0,0.62741,0.53789,0,0.6968,0
0.61523,0,0.78835,0,1,0,-0.78835,0,0.61523,0.54736,0,0.69412,0
0.60287,0,0.79784,0,1,0,-0.79784,0,0.60287,0.55681,0,0.69128,0
0.59034,0,0.80715,0,1,0,-0.80715,0,0.59034,0.56623,0,0.68829,0
0.57764,0,0.81629,0,1,0,-0.81629,0,0.57764,0.57562,0,0.68515,0
0.56479,0,0.82524,0,1,0,-0.82524,0,0.56479,0.58497,0,0.68186,0
0.55177,0,0.83399,0,1,0,-0.83399,0,0.55177,0.59429,0,0.67842,0
0.53861,0,0.84255,0,1,0,-0.84255,0,0.53861,0.60356,0,0.67482,0
0.52531,0,0.85091,0,1,0,-0.85091,0,0.52531,0.61277,0,0.67108,0
0.51187,0,0.85906,0,1,0,-0.85906,0,0.51187,0.62194,0,0.66719,0
0.4983,0,0.86701,0,1,0,-0.86701,0,0.4983,0.63104,0,0.66316,0
0.4846,0,0.87473,0,1,0,-0.87473,0,0.4846,0.64007,0,0.65899,0
0.4708,0,0.88224,0,1,0,-0.88224,0,0.4708,0.64904,0,0.65468,0
0.45688,0,0.88953,0,1,0,-0.88953,0,0.45688,0.65794,0,0.65022,0
0.44286,0,0.89659,0,1,0,-0.89659,0,0.44286,0.66675,0,0.64564,0
0.42875,0,0.90342,0,1,0,-0.90342,0,0.42875,0.67549,0,0.64092,0
0.41455,0,0.91003,0,1,0,-0.91003,0,0.41455,0.68413,0,0.63607,0
0.40027,0,0.9164,0,1,0,-0.9164,0,0.40027,0.69269,0,0.63109,0
0.38592,0,0.92253,0,1,0,-0.92253,0,0.38592,0.70115,0,0.62599,0
0.37151,0,0.92843,0,1,0,-0.92843,0,0.37151,0.70952,0,0.62077,0
0.35704,0,0.93409,0,1,0,-0.93409,0,0.35704,0.71778,0,0.61543,0
0.34252,0,0.93951,0,1,0,-0.93951,0,0.34252,0.72593,0,0.60998,0
0.32796,0,0.94469,0,1,0,-0.94469,0,0.32796,0.73398,0,0.60442,0
0.31337,0,0.94963,0,1,0,-0.94963,0,0.31337,0.74192,0,0.59875,0
0.29876,0,0.95433,0,1,0,-0.95433,0,0.29876,0.74974,0,0.59298,0
0.28413,0,0.95879,0,1,0,-0.95879,0,0.28413,0.75745,0,0.58712,0
0.26949,0,0.963,0,1,0,-0.963,0,0.26949,0.76503,0,0.58116,0
0.25485,0,0.96698,0,1,0,-0.96698,0,0.25485,0.77249,0,0.57511,0
0.24021,0,0.97072,0,1,0,-0.97072,0,0.24021,0.77983,0,0.56898,0
0.22559,0,0.97422,0,1,0,-0.97422,0,0.22559,0.78704,0,0.56276,0
0.211,0,0.97749,0,1,0,-0.97749,0,0.211,0.79412,0,0.55647,0
0.19643,0,0.98052,0,1,0,-0.98052,0,0.19643,0.80106,0,0.55011,0
0.18191,0,0.98332,0,1,0,-0.98332,0,0.18191,0.80788,0,0.54369,0
0.16742,0,0.98589,0,1,0,-0.98589,0,0.16742,0.81456,0,0.5372,0
0.15299,0,0.98823,0,1,0,-0.98823,0,0.15299,0.8211,0,0.53065,0
0.13863,0,0.99034,0,1,0,-0.99034,0,0.13863,0.82751,0,0.52406,0
0.12432,0,0.99224,0,1,0,-0.99224,0,0.12432,0.83377,0,0.51741,0
0.1101,0,0.99392,0,1,0,-0.99392,0,0.1101,0.8399,0,0.51072,0
0.09595,0,0.99539,0,1,0,-0.99539,0,0.09595,0.84589,0,0.504,0
0.081891,0,0.99664,0,1,0,-0.99664,0,0.081891,0.85174,0,0.49724,0
0.067927,0,0.99769,0,1,0,-0.99769,0,0.067927,0.85745,0,0.49046,0
0.054064,0,0.99854,0,1,0,-0.99854,0,0.054064,0.86301,0,0.48365,0
0.040308,0,0.99919,0,1,0,-0.99919,0,0.040308,0.86844,0,0.47683,0
0.026666,0,0.99964,0,1,0,-0.99964,0,0.026666,0.87372,0,0.46999,0
0.013143,0,0.99991,0,1,0,-0.99991,0,0.013143,0.87886,0,0.46314,0
-0.0002558,0,1,0,1,0,-1,0,-0.0002558,0.88387,0,0.45629,0
-0.013524,0,0.99991,0,1,0,-0.99991,0,-0.013524,0.88873,0,0.44944,0
-0.026656,0,0.99964,0,1,0,-0.99964,0,-0.026656,0.89345,0,0.4426,0
-0.039647,0,0.99921,0,1,0,-0.99921,0,-0.039647,0.89804,0,0.43576,0
-0.052492,0,0.99862,0,1,0,-0.99862,0,-0.052492,0.90249,0,0.42895,0
-0.065186,0,0.99787,0,1,0,-0.99787,0,-0.065186,0.9068,0,0.42215,0
-0.077725,0,0.99697,0,1,0,-0.99697,0,-0.077725,0.91098,0,0.41538,0
-0.090105,0,0.99593,0,1,0,-0.99593,0,-0.090105,0.91503,0,0.40863,0
-0.10232,0,0.99475,0,1,0,-0.99475,0,-0.10232,0.91894,0,0.40192,0
-0.11437,0,0.99344,0,1,0,-0.99344,0,-0.11437,0.92273,0,0.39524,0
-0.12625,0,0.992,0,1,0,-0.992,0,-0.12625,0.92638,0,0.38861,0
-0.13795,0,0.99044,0,1,0,-0.99044,0,-0.13795,0.92991,0,0.38202,0
-0.14947,0,0.98877,0,1,0,-0.98877,0,-0.14947,0.93332,0,0.37548,0
-0.16082,0,0.98698,0,1,0,-0.98698,0,-0.16082,0.9366,0,0.369,0
-0.17198,0,0.9851,0,1,0,-0.9851,0,-0.17198,0.93977,0,0.36257,0
-0.18295,0,0.98312,0,1,0,-0.98312,0,-0.18295,0.94281,0,0.3562,0
-0.19373,0,0.98105,0,1,0,-0.98105,0,-0.19373,0.94574,0,0.34989,0
-0.20432,0,0.9789,0,1,0,-0.9789,0,-0.20432,0.94855,0,0.34366,0
-0.21472,0,0.97668,0,1,0,-0.97668,0,-0.21472,0.95126,0,0.33749,0
-0.22492,0,0.97438,0,1,0,-0.97438,0,-0.22492,0.95385,0,0.3314,0
-0.23493,0,0.97201,0,1,0,-0.97201,0,-0.23493,0.95634,0,0.32538,0
-0.24474,0,0.96959,0,1,0,-0.96959,0,-0.24474,0.95873,0,0.31945,0
-0.25435,0,0.96711,0,1,0,-0.96711,0,-0.25435,0.96101,0,0.3136,0
-0.26375,0,0.96459,0,1,0,-0.96459,0,-0.26375,0.9632,0,0.30783,0
-0.27296,0,0.96203,0,1,0,-0.96203,0,-0.27296,0.96529,0,0.30215,0
-0.28196,0,0.95943,0,1,0,-0.95943,0,-0.28196,0.96728,0,0.29657,0
-0.29076,0,0.95679,0,1,0,-0.95679,0,-0.29076,0.96919,0,0.29107,0
-0.29936,0,0.95414,0,1,0,-0.95414,0,-0.29936,0.97101,0,0.28567,0
-0.30775,0,0.95147,0,1,0,-0.95147,0,-0.30775,0.97274,0,0.28037,0
-0.31594,0,0.94878,0,1,0,-0.94878,0,-0.31594,0.97439,0,0.27517,0
-0.32393,0,0.94608,0,1,0,-0.94608,0,-0.32393,0.97596,0,0.27007,0
-0.33171,0,0.94338,0,1,0,-0.94338,0,-0.33171,0.97745,0,0.26507,0
-0.33929,0,0.94068,0,1,0,-0.94068,0,-0.33929,0.97887,0,0.26018,0
-0.34667,0,0.93799,0,1,0,-0.93799,0,-0.34667,0.98022,0,0.25539,0
-0.35384,0,0.9353,0,1,0,-0.9353,0,-0.35384,0.9815,0,0.25072,0
-0.36082,0,0.93264,0,1,0,-0.93264,0,-0.36082,0.98271,0,0.24615,0
-0.36759,0,0.92999,0,1,0,-0.92999,0,-0.36759,0.98385,0,0.24169,0
-0.37417,0,0.92736,0,1,0,-0.92736,0,-0.37417,0.98494,0,0.23734,0
-0.38054,0,0.92476,0,1,0,-0.92476,0,-0.38054,0.98596,0,0.2331,0
-0.38672,0,0.9222,0,1,0,-0.9222,0,-0.38672,0.98693,0,0.22898,0
-0.39271,0,0.91966,0,1,0,-0.91966,0,-0.39271,0.98784,0,0.22496,0
-0.3985,0,0.91717,0,1,0,-0.91717,0,-0.3985,0.98871,0,0.22107,0
-0.4041,0,0.91472,0,1,0,-0.91472,0,-0.4041,0.98952,0,0.21728,0
-0.40951,0,0.91231,0,1,0,-0.91231,0,-0.40951,0.99028,0,0.21361,0
-0.41473,0,0.90995,0,1,0,-0.90995,0,-0.41473,0.991,0,0.21006,0
-0.41976,0,0.90764,0,1,0,-0.90764,0,-0.41976,0.99168,0,0.20662,0
-0.4246,0,0.90538,0,1,0,-0.90538,0,-0.4246,0.99231,0,0.20329,0
-0.42927,0,0.90318,0,1,0,-0.90318,0,-0.42927,0.99291,0,0.20008,0
-0.43375,0,0.90103,0,1,0,-0.90103,0,-0.43375,0.99346,0,0.19699,0
-0.43806,0,0.89895,0,1,0,-0.89895,0,-0.43806,0.99399,0,0.194,0
-0.44219,0,0.89692,0,1,0,-0.89692,0,-0.44219,0.99447,0,0.19113,0
-0.44614,0,0.89496,0,1,0,-0.89496,0,-0.44614,0.99493,0,0.18838,0
-0.44992,0,0.89307,0,1,0,-0.89307,0,-0.44992,0.99536,0,0.18573,0
-0.45354,0,0.89124,0,1,0,-0.89124,0,-0.45354,0.99576,0,0.1832,0
-0.45699,0,0.88947,0,1,0,-0.88947,0,-0.45699,0.99613,0,0.18077,0
-0.46027,0,0.88778,0,1,0,-0.88778,0,-0.46027,0.99647,0,0.17846,0
-0.4634,0,0.88615,0,1,0,-0.88615,0,-0.4634,0.99679,0,0.17625,0
-0.46636,0,0.88459,0,1,0,-0.88459,0,-0.46636,0.99709,0,0.17415,0
-0.46918,0,0.88311,0,1,0,-0.88311,0,-0.46918,0.99737,0,0.17215,0
-0.47184,0,0.88169,0,1,0,-0.88169,0,-0.47184,0.99762,0,0.17026,0
-0.47435,0,0.88034,0,1,0,-0.88034,0,-0.47435,0.99786,0,0.16847,0
-0.47671,0,0.87906,0,1,0,-0.87906,0,-0.47671,0.99808,0,0.16679,0
-0.47894,0,0.87785,0,1,0,-0.87785,0,-0.47894,0.99828,0,0.16519,0
-0.48102,0,0.87671,0,1,0,-0.87671,0,-0.48102,0.99846,0,0.1637,0
-0.48297,0,0.87563,0,1,0,-0.87563,0,-0.48297,0.99863,0,0.1623,0
-0.48479,0,0.87463,0,1,0,-0.87463,0,-0.48479,0.99879,0,0.161,0
-0.48648,0,0.87369,0,1,0,-0.87369,0,-0.48648,0.99893,0,0.15978,0
-0.48805,0,0.87282,0,1,0,-0.87282,0,-0.48805,0.99907,0,0.15865,0
-0.48949,0,0.87201,0,1,0,-0.87201,0,-0.48949,0.99918,0,0.15761,0
-0.49082,0,0.87126,0,1,0,-0.87126,0,-0.49082,0.99929,0,0.15665,0
-0.49204,0,0.87057,0,1,0,-0.87057,0,-0.49204,0.99939,0,0.15577,0
-0.49315,0,0.86995,0,1,0,-0.86995,0,-0.49315,0.99948,0,0.15497,0
-0.49415,0,0.86938,0,1,0,-0.86938,0,-0.49415,0.99956,0,0.15424,0
-0.49506,0,0.86886,0,1,0,-0.86886,0,-0.49506,0.99963,0,0.15359,0
-0.49586,0,0.8684,0,1,0,-0.8684,0,-0.49586,0.99969,0,0.153,0
-0.49658,0,0.86799,0,1,0,-0.86799,0,-0.49658,0.99974,0,0.15248,0
-0.49722,0,0.86763,0,1,0,-0.86763,0,-0.49722,0.99979,0,0.15202,0
-0.49777,0,0.86731,0,1,0,-0.86731,0,-0.49777,0.99983,0,0.15162,0
-0.49824,0,0.86704,0,1,0,-0.86704,0,-0.49824,0.99987,0,0.15128,0
-0.49864,0,0.86681,0,1,0,-0.86681,0,-0.49864,0.9999,0,0.15099,0
-0.49898,0,0.86661,0,1,0,-0.86661,0,-0.49898,0.99992,0,0.15074,0
-0.49926,0,0.86645,0,1,0,-0.86645,0,-0.49926,0.99995,0,0.15054,0
-0.49948,0,0.86632,0,1,0,-0.86632,0,-0.49948,0.99996,0,0.15038,0
-0.49966,0,0.86622,0,1,0,-0.86622,0,-0.49966,0.99997,0,0.15025,0
-0.49979,0,0.86615,0,1,0,-0.86615,0,-0.49979,0.99998,0,0.15016,0
-0.49988,0,0.8661,0,1,0,-0.8661,0,-0.49988,0.99999,0,0.15009,0
-0.49994,0,0.86606,0,1,0,-0.86606,0,-0.49994,1,0,0.15004,0
-0.49998,0,0.86604,0,1,0,-0.86604,0,-0.49998,1,0,0.15002,0
-0.49999,0,0.86603,0,1,0,-0.86603,0,-0.49999,1,0,0.15,0
-0.5,0,0.86603,0,1,0,-0.86603,0,-0.5,1,0,0.15,0
-0.5,0,0.86603,0,1,0,-0.86603,0,-0.5,1,0,0.15,0
-0.5,0,0.86603,0,1,0,-0.86603,0,-0.5,1,0,0.15,0
-0.5,0,0.86603,0,1,0,-0.86603,0,-0.5,1,0,0.14999,0
-0.5,0,0.86603,0,1,0,-0.86603,0,-0.5,1,0,0.14997,0
-0.5,0,0.86603,0,1,0,-0.86603,0,-0.5,1,0,0.14992,0
-0.5,0,0.86603,0,1,0,-0.86603,0,-0.5,1,0,0.14985,0
-0.5,0,0.86603,0,1,0,-0.86603,0,-0.5,1,0,0.14975,0
-0.5,0,0.86603,0,1,0,-0.86603,0,-0.5,1,0,0.14961,0
-0.5,0,0.86603,0,1,0,-0.86603,0,-0.5,1,0,0.14943,0
-0.5,0,0.86603,0,1,0,-0.86603,0,-0.5,1,0,0.1492,0
-0.5,0,0.86603,0,1,0,-0.86603,0,-0.5,1,0,0.14892,0
-0.5,0,0.86603,0,1,0,-0.86603,0,-0.5,1,0,0.14859,0
-0.5,0,0.86603,0,1,0,-0.86603,0,-0.5,1,0,0.1482,0
-0.5,0,0.86603,0,1,0,-0.86603,0,-0.5,1,0,0.14775,0
-0.5,0,0.86603,0,1,0,-0.86603,0,-0.5,1,0,0.14723,0
-0.5,0,0.86603,0,1,0,-0.86603,0,-0.5,1,0,0.14665,0
-0.5,0,0.86603,0,1,0,-0.86603,0,-0.5,1,0,0.146,0
-0.5,0,0.86603,0,1,0,-0.86603,0,-0.5,1,0,0.14529,0
-0.5,0,0.86603,0,1,0,-0.86603,0,-0.5,1,0,0.1445,0
-0.5,0,0.86603,0,1,0,-0.86603,0,-0.5,1,0,0.14364,0
-0.5,0,0.86603,0,1,0,-0.86603,0,-0.5,1,0,0.14271,0
-0.5,0,0.86603,0,1,0,-0.86603,0,-0.5,1,0,0.14171,0
-0.5,0,0.86603,0,1,0,-0.86603,0,-0.5,1,0,0.14063,0
-0.5,0,0.86603,0,1,0,-0.86603,0,-0.5,1,0,0.13949,0
-0.5,0,0.86603,0,1,0,-0.86603,0,-0.5,1,0,0.13827,0
-0.5,0,0.86603,0,1,0,-0.86603,0,-0.5,1,0,0.13698,0
-0.5,0,0.86603,0,1,0,-0.86603,0,-0.5,1,0,0.13562,0
-0.5,0,0.86603,0,1,0,-0.86603,0,-0.5,1,0,0.13419,0
-0.5,0,0.86603,0,1,0,-0.86603,0,-0.5,1,0,0.13269,0
-0.5,0,0.86603,0,1,0,-0.86603,0,-0.5,1,0,0.13112,0
-0.5,0,0.86603,0,1,0,-0.86603,0,-0.5,1,0,0.12949,0
-0.5,0,0.86603,0,1,0,-0.86603,0,-0.5,1,0,0.1278,0
-0.5,0,0.86603,0,1,0,-0.86603,0,-0.5,1,0,0.12604,0
-0.5,0,0.86603,0,1,0,-0.86603,0,-0.5,1,0,0.12423,0
-0.5,0,0.86603,0,1,0,-0.86603,0,-0.5,1,0,0.12236,0
-0.5,0,0.86603,0,1,0,-0.86603,0,-0.5,1,0,0.12043,0
-0.5,0,0.86603,0,1,0,-0.86603,0,-0.5,1,0,0.11846,0
-0.5,0,0.86603,0,1,0,-0.86603,0,-0.5,1,0,0.11643,0
-0.5,0,0.86603,0,1,0,-0.86603,0,-0.5,1,0,0.11437,0
-0.5,0,0.86603,0,1,0,-0.86603,0,-0.5,1,0,0.11225,0
-0.5,0,0.86603,0,1,0,-0.86603,0,-0.5,1,0,0.1101,0
-0.5,0,0.86603,0,1,0,-0.86603,0,-0.5,1,0,0.10792,0
-0.5,0,0.86603,0,1,0,-0.86603,0,-0.5,1,0,0.1057,0
-0.5,0,0.86603,0,1,0,-0.86603,0,-0.5,1,0,0.10345,0
-0.5,0,0.86603,0,1,0,-0.86603,0,-0.5,1,0,0.10118,0
-0.5,0,0.86603,0,1,0,-0.86603,0,-0.5,1,0,0.098882,0
-0.5,0,0.86603,0,1,0,-0.86603,0,-0.5,1,0,0.096568,0
-0.5,0,0.86603,0,1,0,-0.86603,0,-0.5,1,0,0.09424,0
-0.5,0,0.86603,0,1,0,-0.86603,0,-0.5,1,0,0.091901,0
-0.5,0,0.86603,0,1,0,-0.86603,0,-0.5,1,0,0.089555,0
-0.5,0,0.86603,0,1,0,-0.86603,0,-0.5,1,0,0.087206,0
-0.5,0,0.86603,0,1,0,-0.86603,0,-0.5,1,0,0.084858,0
-0.5,0,0.86603,0,1,0,-0.86603,0,-0.5,1,0,0.082513,0
-0.5,0,0.86603,0,1,0,-0.86603,0,-0.5,1,0,0.080177,0
-0.5,0,0.86603,0,1,0,-0.86603,0,-0.5,1,0,0.077852,0
-0.5,0,0.86603,0,1,0,-0.86603,0,-0.5,1,0,0.075543,0
-0.5,0,0.86603,0,1,0,-0.86603,0,-0.5,1,0,0.073253,0
-0.5,0,0.86603,0,1,0,-0.86603,0,-0.5,1,0,0.070985,0
-0.5,0,0.86603,0,1,0,-0.86603,0,-0.5,1,0,0.068744,0
-0.5,0,0.86603,0,1,0,-0.86603,0,-0.5,1,0,0.066533,0
-0.5,0,0.86603,0,1,0,-0.86603,0,-0.5,1,0,0.064356,0
-0.5,0,0.86603,0,1,0,-0.86603,0,-0.5,1,0,0.062215,0
-0.5,0,0.86603,0,1,0,-0.86603,0,-0.5,1,0,0.060113,0
-0.5,0,0.86603,0,1,0,-0.86603,0,-0.5,1,0,0.058055,0
-0.5,0,0.86603,0,1,0,-0.86603,0,-0.5,1,0,0.056043,0
-0.5,0,0.86603,0,1,0,-0.86603,0,-0.5,1,0,0.054081,0
-0.5,0,0.86603,0,1,0,-0.86603,0,-0.5,1,0,0.05217,0
-0.5,0,0.86603,0,1,0,-0.86603,0,-0.5,1,0,0.050313,0
-0.5,0,0.86603,0,1,0,-0.86603,0,-0.5,1,0,0.048514,0
-0.5,0,0.86603,0,1,0,-0.86603,0,-0.5,1,0,0.046774,0
-0.5,0,0.86603,0,1,0,-0.86603,0,-0.5,1,0,0.045096,0
-0.5,0,0.86603,0,1,0,-0.86603,0,-0.5,1,0,0.043481,0
-0.5,0,0.86603,0,1,0,-0.86603,0,-0.5,1,0,0.041932,0
-0.5,0,0.86603,0,1,0,-0.86603,0,-0.5,1,0,0.04045,0
-0.5,0,0.86603,0,1,0,-0.86603,0,-0.5,1,0,0.039037,0
-0.5,0,0.86603,0,1,0,-0.86603,0,-0.5,1,0,0.037693,0
-0.5,0,0.86603,0,1,0,-0.86603,0,-0.5,1,0,0.03642,0
-0.5,0,0.86603,0,1,0,-0.86603,0,-0.5,1,0,0.035219,0
-0.5,0,0.86603,0,1,0,-0.86603,0,-0.5,1,0,0.03409,0
-0.5,0,0.86603,0,1,0,-0.86603,0,-0.5,1,0,0.033033,0
-0.5,0,0.86603,0,1,0,-0.86603,0,-0.5,1,0,0.032049,0
-0.5,0,0.86603,0,1,0,-0.86603,0,-0.5,1,0,0.031137,0
-0.5,0,0.86603,0,1,0,-0.86603,0,-0.5,1,0,0.030297,0
-0.5,0,0.86603,0,1,0,-0.86603,0,-0.5,1,0,0.029528,0
-0.5,0,0.86603,0,1,0,-0.86603,0,-0.5,1,0,0.028829,0
-0.5,0,0.86603,0,1,0,-0.86603,0,-0.5,1,0,0.028198,0
-0.5,0,0.86603,0,1,0,-0.86603,0,-0.5,1,0,0.027634,0
-0.5,0,0.86603,0,1,0,-0.86603,0,-0.5,1,0,0.027135,0
-0.5,0,0.86603,0,1,0,-0.86603,0,-0.5,1,0,0.026699,0
-0.5,0,0.86603,0,1,0,-0.86603,0,-0.5,1,0,0.026323,0
-0.5,0,0.86603,0,1,0,-0.86603,0,-0.5,1,0,0.026003,0
-0.5,0,0.86603,0,1,0,-0.86603,0,-0.5,1,0,0.025737,0
-0.5,0,0.86603,0,1,0,-0.86603,0,-0.5,1,0,0.02552,0
-0.5,0,0.86603,0,1,0,-0.86603,0,-0.5,1,0,0.025349,0
-0.5,0,0.86603,0,1,0,-0.86603,0,-0.5,1,0,0.025219,0
-0.5,0,0.86603,0,1,0,-0.86603,0,-0.5,1,0,0.025126,0
-0.5,0,0.86603,0,1,0,-0.86603,0,-0.5,1,0,0.025063,0
-0.5,0,0.86603,0,1,0,-0.86603,0,-0.5,1,0,0.025025,0
-0.5,0,0.86603,0,1,0,-0.86603,0,-0.5,1,0,0.025007,0
-0.5,0,0.86603,0,1,0,-0.86603,0,-0.5,1,0,0.025001,0
-0.5,0,0.86603,0,1,0,-0.86603,0,-0.5,1,0,0.025,1
-0.5,0,0.86603,0,1,0,-0.86603,0,-0.5,1,0,0.025,1
-0.5,0,0.86603,0,1,0,-0.86603,0,-0.5,1,0,0.025,1
-0.5,0,0.86603,0,1,0,-0.86603,0,-0.5,1,0,0.025,1
-0.5,0,0.86603,0,1,0,-0.86603,0,-0.5,1,0,0.025,1
-0.5,0,0.86603,0,1,0,-0.86603,0,-0.5,1,0,0.025,1
-0.5,0,0.86603,0,1,0,-0.86603,0,-0.5,1,0,0.025,1
-0.5,0,0.86603,0,1,0,-0.86603,0,-0.5,1,0,0.025,1
-0.5,0,0.86603,0,1,0,-0.86603,0,-0.5,1,0,0.025,1
-0.5,0,0.86603,0,1,0,-0.86603,0,-0.5,1,0,0.025,1
-0.5,0,0.86603,0,1,0,-0.86603,0,-0.5,1,0,0.025,1
-0.5,0,0.86603,0,1,0,-0.86603,0,-0.5,1,0,0.025,1
-0.5,0,0.86603,0,1,0,-0.86603,0,-0.5,1,0,0.025,1
-0.5,0,0.86603,0,1,0,-0.86603,0,-0.5,1,0,0.025,1
-0.5,0,0.86603,0,1,0,-0.86603,0,-0.5,1,0,0.025,1
-0.5,0,0.86603,0,1,0,-0.86603,0,-0.5,1,0,0.025,1
-0.5,0,0.86603,0,1,0,-0.86603,0,-0.5,1,0,0.025,1
-0.5,0,0.86603,0,1,0,-0.86603,0,-0.5,1,0,0.025,1
-0.5,0,0.86603,0,1,0,-0.86603,0,-0.5,1,0,0.025,1
-0.5,0,0.86603,0,1,0,-0.86603,0,-0.5,1,0,0.025,1
-0.5,0,0.86603,0,1,0,-0.86603,0,-0.5,1,0,0.025,1
-0.5,0,0.86603,0,1,0,-0.86603,0,-0.5,1,0,0.025,1
-0.5,0,0.86603,0,1,0,-0.86603,0,-0.5,1,0,0.025,1
-0.5,0,0.86603,0,1,0,-0.86603,0,-0.5,1,0,0.025,1
-0.5,0,0.86603,0,1,0,-0.86603,0,-0.5,1,0,0.025,1
-0.5,0,0.86603,0,1,0,-0.86603,0,-0.5,1,0,0.025,1
-0.5,0,0.86603,0,1,0,-0.86603,0,-0.5,1,0,0.025,1
-0.5,0,0.86603,0,1,0,-0.86603,0,-0.5,1,0,0.025,1
-0.5,0,0.86603,0,1,0,-0.86603,0,-0.5,1,0,0.025,1
-0.5,0,0.86603,0,1,0,-0.86603,0,-0.5,1,0,0.025,1
-0.5,0,0.86603,0,1,0,-0.86603,0,-0.5,1,0,0.025,1
-0.5,0,0.86603,0,1,0,-0.86603,0,-0.5,1,0,0.025,1
-0.5,0,0.86603,0,1,0,-0.86603,0,-0.5,1,0,0.025,1
-0.5,0,0.86603,0,1,0,-0.86603,0,-0.5,1,0,0.025,1
-0.5,0,0.86603,0,1,0,-0.86603,0,-0.5,1,0,0.025,1
-0.5,0,0.86603,0,1,0,-0.86603,0,-0.5,1,0,0.025,1
-0.5,0,0.86603,0,1,0,-0.86603,0,-0.5,1,0,0.025,1
-0.5,0,0.86603,0,1,0,-0.86603,0,-0.5,1,0,0.025,1
-0.5,0,0.86603,0,1,0,-0.86603,0,-0.5,1,0,0.025,1
-0.5,0,0.86603,0,1,0,-0.86603,0,-0.5,1,0,0.025,1
-0.5,0,0.86603,0,1,0,-0.86603,0,-0.5,1,0,0.025,1
-0.5,0,0.86603,0,1,0,-0.86603,0,-0.5,1,0,0.025,1
-0.5,0,0.86603,0,1,0,-0.86603,0,-0.5,1,0,0.025,1
-0.5,0,0.86603,0,1,0,-0.86603,0,-0.5,1,0,0.025,1
-0.5,0,0.86603,0,1,0,-0.86603,0,-0.5,1,0,0.025,1
-0.5,0,0.86603,0,1,0,-0.86603,0,-0.5,1,0,0.025,1
-0.5,0,0.86603,0,1,0,-0.86603,0,-0.5,1,0,0.025,1
-0.5,0,0.86603,0,1,0,-0.86603,0,-0.5,1,0,0.025,1
-0.5,0,0.86603,0,1,0,-0.86603,0,-0.5,1,0,0.025,1
-0.5,0,0.86603,0,1,0,-0.86603,0,-0.5,1,0,0.025,1
-0.5,0,0.86603,0,1,0,-0.86603,0,-0.5,1,0,0.025,1
-0.5,0,0.86603,0,1,0,-0.86603,0,-0.5,1,0,0.025,1
-0.5,0,0.86603,0,1,0,-0.86603,0,-0.5,1,0,0.025,1
-0.5,0,0.86603,0,1,0,-0.86603,0,-0.5,1,0,0.025,1
-0.5,0,0.86603,0,1,0,-0.86603,0,-0.5,1,0,0.025,1
-0.5,0,0.86603,0,1,0,-0.86603,0,-0.5,1,0,0.025,1
-0.5,0,0.86603,0,1,0,-0.86603,0,-0.5,1,0,0.025,1
-0.5,0,0.86603,0,1,0,-0.86603,0,-0.5,1,0,0.025,1
-0.5,0,0.86603,0,1,0,-0.86603,0,-0.5,1,0,0.025,1
-0.5,0,0.86603,0,1,0,-0.86603,0,-0.5,1,0,0.025,1
-0.5,0,0.86603,0,1,0,-0.86603,0,-0.5,1,0,0.025,1
-0.5,0,0.86603,0,1,0,-0.86603,0,-0.5,1,0,0.025,1
-0.5,0,0.86603,0,1,0,-0.86603,0,-0.5,1,0,0.025,1
-0.5,0,0.86603,0,1,0,-0.86603,0,-0.5,1,0,0.025,1
-0.5,0,0.86603,0,1,0,-0.86603,0,-0.5,1,0,0.025,1
-0.5,0,0.86603,0,1,0,-0.86603,0,-0.5,1,0,0.025,1
-0.5,0,0.86603,0,1,0,-0.86603,0,-0.5,1,0,0.025,1
-0.5,0,0.86603,0,1,0,-0.86603,0,-0.5,1,0,0.025,1
-0.5,0,0.86603,0,1,0,-0.86603,0,-0.5,1,0,0.025,1
-0.5,0,0.86603,0,1,0,-0.86603,0,-0.5,1,0,0.025,1
-0.5,0,0.86603,0,1,0,-0.86603,0,-0.5,1,0,0.025,1
-0.5,0,0.86603,0,1,0,-0.86603,0,-0.5,1,0,0.025,1
-0.5,0,0.86603,0,1,0,-0.86603,0,-0.5,1,0,0.025,1
-0.5,0,0.86603,0,1,0,-0.86603,0,-0.5,1,0,0.025,1
-0.5,0,0.86603,0,1,0,-0.86603,0,-0.5,1,0,0.025,1
-0.5,0,0.86603,0,1,0,-0.86603,0,-0.5,1,0,0.025,1
-0.5,0,0.86603,0,1,0,-0.86603,0,-0.5,1,0,0.025,1
-0.5,0,0.86603,0,1,0,-0.86603,0,-0.5,1,0,0.025,1
-0.5,0,0.86603,0,1,0,-0.86603,0,-0.5,1,0,0.025,1
-0.5,0,0.86603,0,1,0,-0.86603,0,-0.5,1,0,0.025,1
-0.5,0,0.86603,0,1,0,-0.86603,0,-0.5,1,0,0.025,1
-0.5,0,0.86603,0,1,0,-0.86603,0,-0.5,1,0,0.025,1
-0.5,0,0.86603,0,1,0,-0.86603,0,-0.5,1,0,0.025,1
-0.5,0,0.86603,0,1,0,-0.86603,0,-0.5,1,0,0.025,1
-0.5,0,0.86603,0,1,0,-0.86603,0,-0.5,1,0,0.025,1
-0.5,0,0.86603,0,1,0,-0.86603,0,-0.5,1,0,0.025,1
-0.5,0,0.86603,0,1,0,-0.86603,0,-0.5,1,0,0.025,1
-0.5,0,0.86603,0,1,0,-0.86603,0,-0.5,1,0,0.025,1
-0.5,0,0.86603,0,1,0,-0.86603,0,-0.5,1,0,0.025,1
-0.5,0,0.86603,0,1,0,-0.86603,0,-0.5,1,0,0.025,1
-0.5,0,0.86603,0,1,0,-0.86603,0,-0.5,1,0,0.025,1
-0.5,0,0.86603,0,1,0,-0.86603,0,-0.5,1,0,0.025,1
-0.5,0,0.86603,0,1,0,-0.86603,0,-0.5,1,0,0.025,1
-0.5,0,0.86603,0,1,0,-0.86603,0,-0.5,1,0,0.025,1
-0.5,0,0.86603,0,1,0,-0.86603,0,-0.5,1,0,0.025,1
-0.5,0,0.86603,0,1,0,-0.86603,0,-0.5,1,0,0.025,1
-0.5,0,0.86603,0,1,0,-0.86603,0,-0.5,1,0,0.025,1
-0.5,0,0.86603,0,1,0,-0.86603,0,-0.5,1,0,0.025,1
-0.5,0,0.86603,0,1,0,-0.86603,0,-0.5,1,0,0.025,1
-0.5,0,0.86603,0,1,0,-0.86603,0,-0.5,1,0,0.025,1
-0.5,0,0.86603,0,1,0,-0.86603,0,-0.5,1,0,0.025,1
-0.5,0,0.86603,0,1,0,-0.86603,0,-0.5,1,0,0.025001,1
-0.5,0,0.86603,0,1,0,-0.86603,0,-0.5,1,0,0.02501,1
-0.5,0,0.86603,0,1,0,-0.86603,0,-0.5,1,0,0.025032,1
-0.5,0,0.86603,0,1,0,-0.86603,0,-0.5,1,0,0.025076,1
-0.5,0,0.86603,0,1,0,-0.86603,0,-0.5,1,0,0.025146,1
-0.5,0,0.86603,0,1,0,-0.86603,0,-0.5,1,0,0.025248,1
-0.5,0,0.86603,0,1,0,-0.86603,0,-0.5,1,0,0.025388,1
-0.5,0,0.86603,0,1,0,-0.86603,0,-0.5,1,0,0.02557,1
-0.5,0,0.86603,0,1,0,-0.86603,0,-0.5,1,0,0.025798,1
-0.5,0,0.86603,0,1,0,-0.86603,0,-0.5,1,0,0.026078,1
-0.5,0,0.86603,0,1,0,-0.86603,0,-0.5,1,0,0.026411,1
-0.5,0,0.86603,0,1,0,-0.86603,0,-0.5,1,0,0.026802,1
-0.5,0,0.86603,0,1,0,-0.86603,0,-0.5,1,0,0.027254,1
-0.5,0,0.86603,0,1,0,-0.86603,0,-0.5,1,0,0.027769,1
-0.5,0,0.86603,0,1,0,-0.86603,0,-0.5,1,0,0.028349,1
-0.5,0,0.86603,0,1,0,-0.86603,0,-0.5,1,0,0.028997,1
-0.5,0,0.86603,0,1,0,-0.86603,0,-0.5,1,0,0.029714,1
-0.5,0,0.86603,0,1,0,-0.86603,0,-0.5,1,0,0.0305,1
-0.5,0,0.86603,0,1,0,-0.86603,0,-0.5,1,0,0.031358,1
-0.5,0,0.86603,0,1,0,-0.86603,0,-0.5,1,0,0.032288,1
-0.5,0,0.86603,0,1,0,-0.86603,0,-0.5,1,0,0.03329,1
-0.5,0,0.86603,0,1,0,-0.86603,0,-0.5,1,0,0.034365,1
-0.5,0,0.86603,0,1,0,-0.86603,0,-0.5,1,0,0.035512,1
-0.5,0,0.86603,0,1,0,-0.86603,0,-0.5,1,0,0.036732,1
-0.5,0,0.86603,0,1,0,-0.86603,0,-0.5,1,0,0.038022,1
-0.5,0,0.86603,0,1,0,-0.86603,0,-0.5,1,0,0.039383,1
-0.5,0,0.86603,0,1,0,-0.86603,0,-0.5,1,0,0.040814,1
-0.5,0,0.86603,0,1,0,-0.86603,0,-0.5,1,0,0.042313,1
-0.5,0,0.86603,0,1,0,-0.86603,0,-0.5,1,0,0.043879,1
-0.5,0,0.86603,0,1,0,-0.86603,0,-0.5,1,0,0.04551,1
-0.5,0,0.86603,0,1,0,-0.86603,0,-0.5,1,0,0.047203,1
-0.5,0,0.86603,0,1,0,-0.86603,0,-0.5,1,0,0.048958,1
-0.5,0,0.86603,0,1,0,-0.86603,0,-0.5,1,0,0.050772,1
-0.5,0,0.86603,0,1,0,-0.86603,0,-0.5,1,0,0.052642,1
-0.5,0,0.86603,0,1,0,-0.86603,0,-0.5,1,0,0.054567,1
-0.5,0,0.86603,0,1,0,-0.86603,0,-0.5,1,0,0.056542,1
-0.5,0,0.86603,0,1,0,-0.86603,0,-0.5,1,0,0.058566,1
-0.5,0,0.86603,0,1,0,-0.86603,0,-0.5,1,0,0.060635,1
-0.5,0,0.86603,0,1,0,-0.86603,0,-0.5,1,0,0.062746,1
-0.5,0,0.86603,0,1,0,-0.86603,0,-0.5,1,0,0.064897,1
-0.5,0,0.86603,0,1,0,-0.86603,0,-0.5,1,0,0.067083,1
-0.5,0,0.86603,0,1,0,-0.86603,0,-0.5,1,0,0.069302,1
-0.5,0,0.86603,0,1,0,-0.86603,0,-0.5,1,0,0.07155,1
-0.5,0,0.86603,0,1,0,-0.86603,0,-0.5,1,0,0.073823,1
-0.5,0,0.86603,0,1,0,-0.86603,0,-0.5,1,0,0.076118,1
-0.5,0,0.86603,0,1,0,-0.86603,0,-0.5,1,0,0.078432,1
-0.5,0,0.86603,0,1,0,-0.86603,0,-0.5,1,0,0.08076,1
-0.5,0,0.86603,0,1,0,-0.86603,0,-0.5,1,0,0.083099,1
-0.5,0,0.86603,0,1,0,-0.86603,0,-0.5,1,0,0.085445,1
-0.5,0,0.86603,0,1,0,-0.86603,0,-0.5,1,0,0.087794,1
-0.5,0,0.86603,0,1,0,-0.86603,0,-0.5,1,0,0.090142,1
-0.5,0,0.86603,0,1,0,-0.86603,0,-0.5,1,0,0.092487,1
-0.5,0,0.86603,0,1,0,-0.86603,0,-0.5,1,0,0.094823,1
-0.5,0,0.86603,0,1,0,-0.86603,0,-0.5,1,0,0.097148,1
-0.5,0,0.86603,0,1,0,-0.86603,0,-0.5,1,0,0.099457,1
-0.5,0,0.86603,0,1,0,-0.86603,0,-0.5,1,0,0.10175,1
-0.5,0,0.86603,0,1,0,-0.86603,0,-0.5,1,0,0.10401,1
-0.5,0,0.86603,0,1,0,-0.86603,0,-0.5,1,0,0.10626,1
-0.5,0,0.86603,0,1,0,-0.86603,0,-0.5,1,0,0.10847,1
-0.5,0,0.86603,0,1,0,-0.86603,0,-0.5,1,0,0.11064,1
-0.5,0,0.86603,0,1,0,-0.86603,0,-0.5,1,0,0.11279,1
-0.5,0,0.86603,0,1,0,-0.86603,0,-0.5,1,0,0.11489,1
-0.5,0,0.86603,0,1,0,-0.86603,0,-0.5,1,0,0.11694,1
-0.5,0,0.86603,0,1,0,-0.86603,0,-0.5,1,0,0.11896,1
-0.5,0,0.86603,0,1,0,-0.86603,0,-0.5,1,0,0.12092,1
-0.5,0,0.86603,0,1,0,-0.86603,0,-0.5,1,0,0.12283,1
-0.5,0,0.86603,0,1,0,-0.86603,0,-0.5,1,0,0.12469,1
-0.5,0,0.86603,0,1,0,-0.86603,0,-0.5,1,0,0.12649,1
-0.5,0,0.86603,0,1,0,-0.86603,0,-0.5,1,0,0.12823,1
-0.5,0,0.86603,0,1,0,-0.86603,0,-0.5,1,0,0.1299,1
-0.5,0,0.86603,0,1,0,-0.86603,0,-0.5,1,0,0.13152,1
-0.5,0,0.86603,0,1,0,-0.86603,0,-0.5,1,0,0.13307,1
-0.5,0,0.86603,0,1,0,-0.86603,0,-0.5,1,0,0.13455,1
-0.5,0,0.86603,0,1,0,-0.86603,0,-0.5,1,0,0.13596,1
-0.5,0,0.86603,0,1,0,-0.86603,0,-0.5,1,0,0.13731,1
-0.5,0,0.86603,0,1,0,-0.86603,0,-0.5,1,0,0.13858,1
-0.5,0,0.86603,0,1,0,-0.86603,0,-0.5,1,0,0.13978,1
-0.5,0,0.86603,0,1,0,-0.86603,0,-0.5,1,0,0.14091,1
-0.5,0,0.86603,0,1,0,-0.86603,0,-0.5,1,0,0.14197,1
-0.5,0,0.86603,0,1,0,-0.86603,0,-0.5,1,0,0.14295,1
-0.5,0,0.86603,0,1,0,-0.86603,0,-0.5,1,0,0.14386,1
-0.5,0,0.86603,0,1,0,-0.86603,0,-0.5,1,0,0.1447,1
-0.5,0,0.86603,0,1,0,-0.86603,0,-0.5,1,0,0.14547,1
-0.5,0,0.86603,0,1,0,-0.86603,0,-0.5,1,0,0.14617,1
-0.5,0,0.86603,0,1,0,-0.86603,0,-0.5,1,0,0.1468,1
-0.5,0,0.86603,0,1,0,-0.86603,0,-0.5,1,0,0.14737,1
-0.5,0,0.86603,0,1,0,-0.86603,0,-0.5,1,0,0.14786,1
-0.5,0,0.86603,0,1,0,-0.86603,0,-0.5,1,0,0.1483,1
-0.5,0,0.86603,0,1,0,-0.86603,0,-0.5,1,0,0.14868,1
-0.5,0,0.86603,0,1,0,-0.86603,0,-0.5,1,0,0.149,1
-0.5,0,0.86603,0,1,0,-0.86603,0,-0.5,1,0,0.14926,1
-0.5,0,0.86603,0,1,0,-0.86603,0,-0.5,1,0,0.14948,1
-0.5,0,0.86603,0,1,0,-0.86603,0,-0.5,1,0,0.14965,1
-0.5,0,0.86603,0,1,0,-0.86603,0,-0.5,1,0,0.14978,1
-0.5,0,0.86603,0,1,0,-0.86603,0,-0.5,1,0,0.14987,1
-0.5,0,0.86603,0,1,0,-0.86603,0,-0.5,1,0,0.14994,1
-0.5,0,0.86603,0,1,0,-0.86603,0,-0.5,1,0,0.14997,1
-0.5,0,0.86603,0,1,0,-0.86603,0,-0.5,1,0,0.14999,1
-0.5,0,0.86603,0,1,0,-0.86603,0,-0.5,1,0,0.15,1
-0.5,0,0.86603,0,1,0,-0.86603,0,-0.5,1,0,0.15,1
-0.5,1.5589e-05,0.86603,7.7947e-06,1,-1.3501e-05,-0.86603,-8.4703e-22,-0.5,1,-1.5589e-05,0.15,1
-0.5,0.00012283,0.86603,6.1417e-05,1,-0.00010638,-0.86603,6.7763e-21,-0.5,1,-0.00012283,0.15,1
-0.5,0.00040827,0.86603,0.00020413,1,-0.00035357,-0.86603,0,-0.5,1,-0.00040827,0.15,1
-0.5,0.00095294,0.86603,0.00047647,1,-0.00082527,-0.86603,0,-0.5,1,-0.00095294,0.15,1
-0.5,0.0018325,0.86602,0.00091627,1,-0.001587,-0.86603,0,-0.5,1,-0.0018325,0.15,1
-0.5,0.0031175,0.86602,0.0015587,1,-0.0026998,-0.86603,2.1684e-19,-0.5,1,-0.0031175,0.15,1
-0.49999,0.004873,0.86602,0.0024365,0.99999,-0.0042202,-0.86603,0,-0.5,0.99999,-0.004873,0.15,1
-0.49999,0.0071595,0.866,0.0035798,0.99997,-0.0062003,-0.86603,-4.3368e-19,-0.5,0.99997,-0.0071595,0.15,1
-0.49997,0.010032,0.86598,0.0050161,0.99995,-0.0086881,-0.86603,0,-0.5,0.99995,-0.010032,0.15,1
-0.49995,0.013541,0.86595,0.0067707,0.99991,-0.011727,-0.86603,-8.6736e-19,-0.5,0.99991,-0.013541,0.15,1
-0.49992,0.017733,0.86589,0.0088666,0.99984,-0.015357,-0.86603,-8.6736e-19,-0.5,0.99984,-0.017733,0.15,1
-0.49987,0.022649,0.8658,0.011324,0.99974,-0.019614,-0.86603,0,-0.5,0.99974,-0.022649,0.15,1
-0.4998,0.028324,0.86568,0.014162,0.9996,-0.024529,-0.86603,0,-0.5,0.9996,-0.028324,0.15,1
-0.4997,0.034791,0.8655,0.017396,0.99939,-0.03013,-0.86603,0,-0.5,0.99939,-0.034791,0.15,1
-0.49956,0.042078,0.86526,0.021039,0.99911,-0.036441,-0.86603,-3.4694e-18,-0.5,0.99911,-0.042078,0.15,1
-0.49937,0.050207,0.86493,0.025104,0.99874,-0.043481,-0.86603,0,-0.5,0.99874,-0.050207,0.15,1
-0.49912,0.059198,0.86451,0.029599,0.99825,-0.051267,-0.86603,0,-0.5,0.99825,-0.059198,0.15,1
-0.49881,0.069064,0.86396,0.034532,0.99761,-0.059811,-0.86603,0,-0.5,0.99761,-0.069064,0.15,1
-0.4984,0.079816,0.86326,0.039908,0.99681,-0.069123,-0.86603,0,-0.5,0.99681,-0.079816,0.15,1
-0.4979,0.091458,0.8624,0.045729,0.99581,-0.079205,-0.86603,0,-0.5,0.99581,-0.091458,0.15,1
-0.49729,0.10399,0.86133,0.051996,0.99458,-0.09006,-0.86603,-6.9389e-18,-0.5,0.99458,-0.10399,0.15,1
-0.49654,0.11742,0.86004,0.058708,0.99308,-0.10168,-0.86603,0,-0.5,0.99308,-0.11742,0.15,1
-0.49564,0.13172,0.85848,0.065859,0.99129,-0.11407,-0.86603,0,-0.5,0.99129,-0.13172,0.15,1
-0.49458,0.14689,0.85663,0.073445,0.98915,-0.12721,-0.86603,0,-0.5,0.98915,-0.14689,0.15,1
-0.49332,0.16291,0.85446,0.081456,0.98664,-0.14109,-0.86603,0,-0.5,0.98664,-0.16291,0.15,1
-0.49185,0.17976,0.85192,0.089882,0.98371,-0.15568,-0.86603,0,-0.5,0.98371,-0.17976,0.15,1
-0.49016,0.19742,0.84898,0.09871,0.98032,-0.17097,-0.86603,-1.3878e-17,-0.5,0.98032,-0.19742,0.15,1
-0.48821,0.21585,0.84561,0.10793,0.97643,-0.18693,-0.86603,-1.3878e-17,-0.5,0.97643,-0.21585,0.15,1
-0.486,0.23502,0.84177,0.11751,0.97199,-0.20353,-0.86603,0,-0.5,0.97199,-0.23502,0.15,1
-0.48349,0.25489,0.83742,0.12744,0.96697,-0.22074,-0.86603,-1.3878e-17,-0.5,0.96697,-0.25489,0.15,1
-0.48066,0.27541,0.83253,0.13771,0.96133,-0.23851,-0.86603,0,-0.5,0.96133,-0.27541,0.15,1
-0.47751,0.29654,0.82707,0.14827,0.95502,-0.25681,-0.86603,2.7756e-17,-0.5,0.95502,-0.29654,0.15,1
-0.47401,0.31823,0.821,0.15912,0.94801,-0.2756,-0.86603,2.7756e-17,-0.5,0.94801,-0.31823,0.15,1
-0.47014,0.34042,0.8143,0.17021,0.94027,-0.29481,-0.86603,-2.7756e-17,-0.5,0.94027,-0.34042,0.15,1
-0.46588,0.36306,0.80693,0.18153,0.93177,-0.31442,-0.86603,2.7756e-17,-0.5,0.93177,-0.36306,0.15,1
-0.46123,0.38607,0.79888,0.19304,0.92247,-0.33435,-0.86603,2.7756e-17,-0.5,0.92247,-0.38607,0.15,1
-0.45618,0.4094,0.79012,0.2047,0.91235,-0.35455,-0.86603,0,-0.5,0.91235,-0.4094,0.15,1
-0.4507,0.43298,0.78064,0.21649,0.9014,-0.37497,-0.86603,2.7756e-17,-0.5,0.9014,-0.43298,0.15,1
-0.4448,0.45674,0.77041,0.22837,0.8896,-0.39555,-0.86603,0,-0.5,0.8896,-0.45674,0.15,1
-0.43847,0.48062,0.75944,0.24031,0.87693,-0.41623,-0.86603,-2.7756e-17,-0.5,0.87693,-0.48062,0.15,1
-0.4317,0.50453,0.74772,0.25226,0.8634,-0.43693,-0.86603,0,-0.5,0.8634,-0.50453,0.15,1
-0.4245,0.5284,0.73525,0.2642,0.849,-0.45761,-0.86603,0,-0.5,0.849,-0.5284,0.15,1
-0.41687,0.55217,0.72203,0.27608,0.83373,-0.47819,-0.86603,0,-0.5,0.83373,-0.55217,0.15,1
-0.40881,0.57576,0.70808,0.28788,0.81762,-0.49862,-0.86603,2.7756e-17,-0.5,0.81762,-0.57576,0.15,1
-0.40034,0.5991,0.69341,0.29955,0.80068,-0.51883,-0.86603,0,-0.5,0.80068,-0.5991,0.15,1
-0.39146,0.62212,0.67803,0.31106,0.78292,-0.53877,-0.86603,0,-0.5,0.78292,-0.62212,0.15,1
-0.3822,0.64475,0.66198,0.32238,0.76439,-0.55837,-0.86603,0,-0.5,0.76439,-0.64475,0.15,1
-0.37256,0.66694,0.64529,0.33347,0.74512,-0.57758,-0.86603,-5.5511e-17,-0.5,0.74512,-0.66694,0.15,1
-0.36257,0.68861,0.62798,0.3443,0.72513,-0.59635,-0.86603,0,-0.5,0.72513,-0.68861,0.15,1
-0.35225,0.70971,0.61011,0.35486,0.70449,-0.61463,-0.86603,0,-0.5,0.70449,-0.70971,0.15,1
-0.34162,0.73019,0.5917,0.3651,0.68324,-0.63237,-0.86603,0,-0.5,0.68324,-0.73019,0.15,1
-0.33072,0.75,0.57282,0.375,0.66144,-0.64952,-0.86603,0,-0.5,0.66144,-0.75,0.15,1
-0.31957,0.7691,0.55351,0.38455,0.63913,-0.66606,-0.86603,-5.5511e-17,-0.5,0.63913,-0.7691,0.15,1
-0.3082,0.78744,0.53381,0.39372,0.6164,-0.68194,-0.86603,5.5511e-17,-0.5,0.6164,-0.78744,0.15,1
-0.29664,0.80499,0.5138,0.40249,0.59329,-0.69714,-0.86603,-5.5511e-17,-0.5,0.59329,-0.80499,0.15,1
-0.28494,0.82173,0.49353,0.41086,0.56988,-0.71164,-0.86603,0,-0.5,0.56988,-0.82173,0.15,1
-0.27312,0.83763,0.47306,0.41881,0.54624,-0.72541,-0.86603,-5.5511e-17,-0.5,0.54624,-0.83763,0.15,1
-0.26122,0.85268,0.45244,0.42634,0.52244,-0.73844,-0.86603,0,-0.5,0.52244,-0.85268,0.15,1
-0.24927,0.86686,0.43176,0.43343,0.49855,-0.75072,-0.86603,-5.5511e-17,-0.5,0.49855,-0.86686,0.15,1
-0.23732,0.88018,0.41105,0.44009,0.47464,-0.76226,-0.86603,-5.5511e-17,-0.5,0.47464,-0.88018,0.15,1
-0.2254,0.89263,0.3904,0.44631,0.45079,-0.77304,-0.86603,0,-0.5,0.45079,-0.89263,0.15,1
-0.21353,0.90422,0.36985,0.45211,0.42707,-0.78308,-0.86603,0,-0.5,0.42707,-0.90422,0.15,1
-0.20177,0.91496,0.34948,0.45748,0.40354,-0.79238,-0.86603,-5.5511e-17,-0.5,0.40354,-0.91496,0.15,1
-0.19014,0.92487,0.32934,0.46243,0.38028,-0.80096,-0.86603,0,-0.5,0.38028,-0.92487,0.15,1
-0.17868,0.93397,0.30948,0.46698,0.35736,-0.80884,-0.86603,-5.5511e-17,-0.5,0.35736,-0.93397,0.15,1
-0.16742,0.94228,0.28997,0.47114,0.33483,-0.81604,-0.86603,0,-0.5,0.33483,-0.94228,0.15,1
-0.15638,0.94983,0.27086,0.47492,0.31276,-0.82258,-0.86603,-5.5511e-17,-0.5,0.31276,-0.94983,0.15,1
-0.1456,0.95666,0.25219,0.47833,0.2912,-0.82849,-0.86603,5.5511e-17,-0.5,0.2912,-0.95666,0.15,1
-0.13511,0.9628,0.23402,0.4814,0.27022,-0.83381,-0.86603,-1.1102e-16,-0.5,0.27022,-0.9628,0.15,1
-0.12493,0.96828,0.21638,0.48414,0.24986,-0.83856,-0.86603,-1.1102e-16,-0.5,0.24986,-0.96828,0.15,1
-0.11508,0.97315,0.19932,0.48658,0.23016,-0.84278,-0.86603,5.5511e-17,-0.5,0.23016,-0.97315,0.15,1
-0.10559,0.97745,0.18288,0.48872,0.21117,-0.8465,-0.86603,-5.5511e-17,-0.5,0.21117,-0.97745,0.15,1
-0.096467,0.98121,0.16708,0.49061,0.19293,-0.84975,-0.86603,5.5511e-17,-0.5,0.19293,-0.98121,0.15,1
-0.087738,0.98448,0.15197,0.49224,0.17548,-0.85259,-0.86603,-1.1102e-16,-0.5,0.17548,-0.98448,0.15,1
-0.079414,0.98731,0.13755,0.49365,0.15883,-0.85503,-0.86603,-5.5511e-17,-0.5,0.15883,-0.98731,0.15,1
-0.071508,0.98972,0.12386,0.49486,0.14302,-0.85712,-0.86603,-1.1102e-16,-0.5,0.14302,-0.98972,0.15,1
-0.06403,0.99177,0.1109,0.49588,0.12806,-0.85889,-0.86603,-5.5511e-17,-0.5,0.12806,-0.99177,0.15,1
-0.056988,0.99348,0.098707,0.49674,0.11398,-0.86038,-0.86603,0,-0.5,0.11398,-0.99348,0.15,1
-0.050388,0.99491,0.087274,0.49745,0.10078,-0.86162,-0.86603,0,-0.5,0.10078,-0.99491,0.15,1
-0.044232,0.99608,0.076612,0.49804,0.088464,-0.86263,-0.86603,0,-0.5,0.088464,-0.99608,0.15,1
-0.038522,0.99703,0.066723,0.49851,0.077045,-0.86345,-0.86603,0,-0.5,0.077045,-0.99703,0.15,1
-0.033258,0.99779,0.057604,0.49889,0.066515,-0.86411,-0.86603,-5.5511e-17,-0.5,0.066515,-0.99779,0.15,1
-0.028434,0.99838,0.04925,0.49919,0.056869,-0.86462,-0.86603,-1.1102e-16,-0.5,0.056869,-0.99838,0.15,1
-0.024047,0.99884,0.041651,0.49942,0.048095,-0.86502,-0.86603,-5.5511e-17,-0.5,0.048095,-0.99884,0.15,1
-0.020089,0.99919,0.034795,0.4996,0.040178,-0.86533,-0.86603,5.5511e-17,-0.5,0.040178,-0.99919,0.15,1
-0.016549,0.99945,0.028664,0.49973,0.033098,-0.86555,-0.86603,5.5511e-17,-0.5,0.033098,-0.99945,0.15,1
-0.013416,0.99964,0.023237,0.49982,0.026832,-0.86571,-0.86603,-5.5511e-17,-0.5,0.026832,-0.99964,0.15,1
-0.010675,0.99977,0.018489,0.49989,0.02135,-0.86583,-0.86603,-5.5511e-17,-0.5,0.02135,-0.99977,0.15,1
-0.0083095,0.99986,0.014392,0.49993,0.016619,-0.86591,-0.86603,-1.1102e-16,-0.5,0.016619,-0.99986,0.15,1
-0.0063009,0.99992,0.010914,0.49996,0.012602,-0.86596,-0.86603,-5.5511e-17,-0.5,0.012602,-0.99992,0.15,1
-0.0046281,0.99996,0.0080161,0.49998,0.0092562,-0.86599,-0.86603,-1.1102e-16,-0.5,0.0092562,-0.99996,0.15,1
-0.0032675,0.99998,0.0056595,0.49999,0.006535,-0.86601,-0.86603,-5.5511e-17,-0.5,0.006535,-0.99998,0.15,1
-0.0021933,0.99999,0.003799,0.5,0.0043867,-0.86602,-0.86603,-1.1102e-16,-0.5,0.0043867,-0.99999,0.15,1
-0.0013773,1,0.0023855,0.5,0.0027546,-0.86602,-0.86603,1.1102e-16,-0.5,0.0027546,-1,0.15,1
-0.00078865,1,0.001366,0.5,0.0015773,-0.86602,-0.86603,-5.5511e-17,-0.5,0.0015773,-1,0.15,1
-0.00039412,1,0.00068263,0.5,0.00078824,-0.86603,-0.86603,0,-0.5,0.00078824,-1,0.15,1
-0.00015784,1,0.00027339,0.5,0.00031568,-0.86603,-0.86603,-5.5511e-17,-0.5,0.00031568,-1,0.15,1
-4.1301e-05,1,7.1536e-05,0.5,8.2603e-05,-0.86603,-0.86603,-5.5511e-17,-0.5,8.2603e-05,-1,0.15,1
-3.3008e-06,1,5.7172e-06,0.5,6.6017e-06,-0.86603,-0.86603,0,-0.5,6.6017e-06,-1,0.15,1
0,1,0,0.5,0,-0.86603,-0.86603,0,-0.5,0,-1,0.15,1
0,1,0,0.5,0,-0.86603,-0.86603,0,-0.5,0,-1,0.15,1
0,1,0,0.5,0,-0.86603,-0.86603,0,-0.5,0,-1,0.15,1
0,1,0,0.5,0,-0.86603,-0.86603,0,-0.5,0,-1,0.15,1
0,1,0,0.5,0,-0.86603,-0.86603,0,-0.5,0,-1,0.15,1
0,1,0,0.5,0,-0.86603,-0.86603,0,-0.5,0,-1,0.15,1
0,1,0,0.5,0,-0.86603,-0.86603,0,-0.5,0,-1,0.15,1
0,1,0,0.5,0,-0.86603,-0.86603,0,-0.5,0,-1,0.14999,1
0,1,0,0.5,0,-0.86603,-0.86603,0,-0.5,0,-1,0.14999,1
0,1,0,0.5,0,-0.86603,-0.86603,0,-0.5,0,-1,0.14999,1
0,1,0,0.5,0,-0.86603,-0.86603,0,-0.5,0,-1,0.14998,1
0,1,0,0.5,0,-0.86603,-0.86603,0,-0.5,0,-1,0.14998,1
0,1,0,0.5,0,-0.86603,-0.86603,0,-0.5,0,-1,0.14997,1
0,1,0,0.5,0,-0.86603,-0.86603,0,-0.5,0,-1,0.14996,1
0,1,0,0.5,0,-0.86603,-0.86603,0,-0.5,0,-1,0.14995,1
0,1,0,0.5,0,-0.86603,-0.86603,0,-0.5,0,-1,0.14994,1
0,1,0,0.5,0,-0.86603,-0.86603,0,-0.5,0,-1,0.14992,1
0,1,0,0.5,0,-0.86603,-0.86603,0,-0.5,0,-1,0.14991,1
0,1,0,0.5,0,-0.86603,-0.86603,0,-0.5,0,-1,0.14989,1
0,1,0,0.5,0,-0.86603,-0.86603,0,-0.5,0,-1,0.14988,1
0,1,0,0.5,0,-0.86603,-0.86603,0,-0.5,0,-1,0.14985,1
0,1,0,0.5,0,-0.86603,-0.86603,0,-0.5,0,-1,0.14983,1
0,1,0,0.5,0,-0.86603,-0.86603,0,-0.5,0,-1,0.14981,1
0,1,0,0.5,0,-0.86603,-0.86603,0,-0.5,0,-1,0.14978,1
0,1,0,0.5,0,-0.86603,-0.86603,0,-0.5,0,-1,0.14975,1
0,1,0,0.5,0,-0.86603,-0.86603,0,-0.5,0,-1,0.14972,1
0,1,0,0.5,0,-0.86603,-0.86603,0,-0.5,0,-1,0.14969,1
0,1,0,0.5,0,-0.86603,-0.86603,0,-0.5,0,-1,0.14965,1
0,1,0,0.5,0,-0.86603,-0.86603,0,-0.5,0,-1,0.14961,1
0,1,0,0.5,0,-0.86603,-0.86603,0,-0.5,0,-1,0.14957,1
0,1,0,0.5,0,-0.86603,-0.86603,0,-0.5,0,-1,0.14953,1
0,1,0,0.5,0,-0.86603,-0.86603,0,-0.5,0,-1,0.14948,1
0,1,0,0.5,0,-0.86603,-0.86603,0,-0.5,0,-1,0.14943,1
0,1,0,0.5,0,-0.86603,-0.86603,0,-0.5,0,-1,0.14938,1
0,1,0,0.5,0,-0.86603,-0.86603,0,-0.5,0,-1,0.14933,1
0,1,0,0.5,0,-0.86603,-0.86603,0,-0.5,0,-1,0.14927,1
0,1,0,0.5,0,-0.86603,-0.86603,0,-0.5,0,-1,0.14921,1
0,1,0,0.5,0,-0.86603,-0.86603,0,-0.5,0,-1,0.14914,1
0,1,0,0.5,0,-0.86603,-0.86603,0,-0.5,0,-1,0.14907,1
0,1,0,0.5,0,-0.86603,-0.86603,0,-0.5,0,-1,0.149,1
0,1,0,0.5,0,-0.86603,-0.86603,0,-0.5,0,-1,0.14893,1
0,1,0,0.5,0,-0.86603,-0.86603,0,-0.5,0,-1,0.14885,1
0,1,0,0.5,0,-0.86603,-0.86603,0,-0.5,0,-1,0.14877,1
0,1,0,0.5,0,-0.86603,-0.86603,0,-0.5,0,-1,0.14868,1
0,1,0,0.5,0,-0.86603,-0.86603,0,-0.5,0,-1,0.1486,1
0,1,0,0.5,0,-0.86603,-0.86603,0,-0.5,0,-1,0.1485,1
0,1,0,0.5,0,-0.86603,-0.86603,0,-0.5,0,-1,0.14841,1
0,1,0,0.5,0,-0.86603,-0.86603,0,-0.5,0,-1,0.14831,1
0,1,0,0.5,0,-0.86603,-0.86603,0,-0.5,0,-1,0.14821,1
0,1,0,0.5,0,-0.86603,-0.86603,0,-0.5,0,-1,0.1481,1
0,1,0,0.5,0,-0.86603,-0.86603,0,-0.5,0,-1,0.14799,1
0,1,0,0.5,0,-0.86603,-0.86603,0,-0.5,0,-1,0.14788,1
0,1,0,0.5,0,-0.86603,-0.86603,0,-0.5,0,-1,0.14776,1
0,1,0,0.5,0,-0.86603,-0.86603,0,-0.5,0,-1,0.14764,1
0,1,0,0.5,0,-0.86603,-0.86603,0,-0.5,0,-1,0.14751,1
0,1,0,0.5,0,-0.86603,-0.86603,0,-0.5,0,-1,0.14738,1
0,1,0,0.5,0,-0.86603,-0.86603,0,-0.5,0,-1,0.14725,1
0,1,0,0.5,0,-0.86603,-0.86603,0,-0.5,0,-1,0.14711,1
0,1,0,0.5,0,-0.86603,-0.86603,0,-0.5,0,-1,0.14696,1
0,1,0,0.5,0,-0.86603,-0.86603,0,-0.5,0,-1,0.14682,1
0,1,0,0.5,0,-0.86603,-0.86603,0,-0.5,0,-1,0.14667,1
0,1,0,0.5,0,-0.86603,-0.86603,0,-0.5,0,-1,0.14651,1
0,1,0,0.5,0,-0.86603,-0.86603,0,-0.5,0,-1,0.14635,1
0,1,0,0.5,0,-0.86603,-0.86603,0,-0.5,0,-1,0.14619,1
0,1,0,0.5,0,-0.86603,-0.86603,0,-0.5,0,-1,0.14602,1
0,1,0,0.5,0,-0.86603,-0.86603,0,-0.5,0,-1,0.14585,1
0,1,0,0.5,0,-0.86603,-0.86603,0,-0.5,0,-1,0.14568,1
0,1,0,0.5,0,-0.86603,-0.86603,0,-0.5,0,-1,0.1455,1
0,1,0,0.5,0,-0.86603,-0.86603,0,-0.5,0,-1,0.14531,1
0,1,0,0.5,0,-0.86603,-0.86603,0,-0.5,0,-1,0.14512,1
0,1,0,0.5,0,-0.86603,-0.86603,0,-0.5,0,-1,0.14493,1
0,1,0,0.5,0,-0.86603,-0.86603,0,-0.5,0,-1,0.14473,1
0,1,0,0.5,0,-0.86603,-0.86603,0,-0.5,0,-1,0.14453,1
0,1,0,0.5,0,-0.86603,-0.86603,0,-0.5,0,-1,0.14432,1
0,1,0,0.5,0,-0.86603,-0.86603,0,-0.5,0,-1,0.14411,1
0,1,0,0.5,0,-0.86603,-0.86603,0,-0.5,0,-1,0.14389,1
0,1,0,0.5,0,-0.86603,-0.86603,0,-0.5,0,-1,0.14367,1
0,1,0,0.5,0,-0.86603,-0.86603,0,-0.5,0,-1,0.14345,1
0,1,0,0.5,0,-0.86603,-0.86603,0,-0.5,0,-1,0.14322,1
0,1,0,0.5,0,-0.86603,-0.86603,0,-0.5,0,-1,0.14299,1
0,1,0,0.5,0,-0.86603,-0.86603,0,-0.5,0,-1,0.14275,1
0,1,0,0.5,0,-0.86603,-0.86603,0,-0.5,0,-1,0.14251,1
0,1,0,0.5,0,-0.86603,-0.86603,0,-0.5,0,-1,0.14226,1
0,1,0,0.5,0,-0.86603,-0.86603,0,-0.5,0,-1,0.14201,1
0,1,0,0.5,0,-0.86603,-0.86603,0,-0.5,0,-1,0.14175,1
0,1,0,0.5,0,-0.86603,-0.86603,0,-0.5,0,-1,0.14149,1
0,1,0,0.5,0,-0.86603,-0.86603,0,-0.5,0,-1,0.14122,1
0,1,0,0.5,0,-0.86603,-0.86603,0,-0.5,0,-1,0.14095,1
0,1,0,0.5,0,-0.86603,-0.86603,0,-0.5,0,-1,0.14068,1
0,1,0,0.5,0,-0.86603,-0.86603,0,-0.5,0,-1,0.1404,1
0,1,0,0.5,0,-0.86603,-0.86603,0,-0.5,0,-1,0.14012,1
0,1,0,0.5,0,-0.86603,-0.86603,0,-0.5,0,-1,0.13983,1
0,1,0,0.5,0,-0.86603,-0.86603,0,-0.5,0,-1,0.13954,1
0,1,0,0.5,0,-0.86603,-0.86603,0,-0.5,0,-1,0.13924,1
0,1,0,0.5,0,-0.86603,-0.86603,0,-0.5,0,-1,0.13894,1
0,1,0,0.5,0,-0.86603,-0.86603,0,-0.5,0,-1,0.13864,1
0,1,0,0.5,0,-0.86603,-0.86603,0,-0.5,0,-1,0.13832,1
0,1,0,0.5,0,-0.86603,-0.86603,0,-0.5,0,-1,0.13801,1
0,1,0,0.5,0,-0.86603,-0.86603,0,-0.5,0,-1,0.13769,1
0,1,0,0.5,0,-0.86603,-0.86603,0,-0.5,0,-1,0.13737,1
0,1,0,0.5,0,-0.86603,-0.86603,0,-0.5,0,-1,0.13704,1
0,1,0,0.5,0,-0.86603,-0.86603,0,-0.5,0,-1,0.13671,1
0,1,0,0.5,0,-0.86603,-0.86603,0,-0.5,0,-1,0.13637,1
0,1,0,0.5,0,-0.86603,-0.86603,0,-0.5,0,-1,0.13603,1
0,1,0,0.5,0,-0.86603,-0.86603,0,-0.5,0,-1,0.13568,1
0,1,0,0.5,0,-0.86603,-0.86603,0,-0.5,0,-1,0.13533,1
0,1,0,0.5,0,-0.86603,-0.86603,0,-0.5,0,-1,0.13498,1
0,1,0,0.5,0,-0.86603,-0.86603,0,-0.5,0,-1,0.13462,1
0,1,0,0.5,0,-0.86603,-0.86603,0,-0.5,0,-1,0.13426,1
0,1,0,0.5,0,-0.86603,-0.86603,0,-0.5,0,-1,0.13389,1
0,1,0,0.5,0,-0.86603,-0.86603,0,-0.5,0,-1,0.13352,1
0,1,0,0.5,0,-0.86603,-0.86603,0,-0.5,0,-1,0.13315,1
0,1,0,0.5,0,-0.86603,-0.86603,0,-0.5,0,-1,0.13277,1
0,1,0,0.5,0,-0.86603,-0.86603,0,-0.5,0,-1,0.13238,1
0,1,0,0.5,0,-0.86603,-0.86603,0,-0.5,0,-1,0.132,1
0,1,0,0.5,0,-0.86603,-0.86603,0,-0.5,0,-1,0.1316,1
0,1,0,0.5,0,-0.86603,-0.86603,0,-0.5,0,-1,0.13121,1
0,1,0,0.5,0,-0.86603,-0.86603,0,-0.5,0,-1,0.13081,1
0,1,0,0.5,0,-0.86603,-0.86603,0,-0.5,0,-1,0.1304,1
0,1,0,0.5,0,-0.86603,-0.86603,0,-0.5,0,-1,0.13,1
0,1,0,0.5,0,-0.86603,-0.86603,0,-0.5,0,-1,0.12958,1
0,1,0,0.5,0,-0.86603,-0.86603,0,-0.5,0,-1,0.12917,1
0,1,0,0.5,0,-0.86603,-0.86603,0,-0.5,0,-1,0.12875,1
0,1,0,0.5,0,-0.86603,-0.86603,0,-0.5,0,-1,0.12832,1
0,1,0,0.5,0,-0.86603,-0.86603,0,-0.5,0,-1,0.1279,1
0,1,0,0.5,0,-0.86603,-0.86603,0,-0.5,0,-1,0.12747,1
0,1,0,0.5,0,-0.86603,-0.86603,0,-0.5,0,-1,0.12703,1
0,1,0,0.5,0,-0.86603,-0.86603,0,-0.5,0,-1,0.12659,1
0,1,0,0.5,0,-0.86603,-0.86603,0,-0.5,0,-1,0.12615,1
0,1,0,0.5,0,-0.86603,-0.86603,0,-0.5,0,-1,0.1257,1
0,1,0,0.5,0,-0.86603,-0.86603,0,-0.5,0,-1,0.12525,1
0,1,0,0.5,0,-0.86603,-0.86603,0,-0.5,0,-1,0.1248,1
0,1,0,0.5,0,-0.86603,-0.86603,0,-0.5,0,-1,0.12434,1
0,1,0,0.5,0,-0.86603,-0.86603,0,-0.5,0,-1,0.12388,1
0,1,0,0.5,0,-0.86603,-0.86603,0,-0.5,0,-1,0.12342,1
0,1,0,0.5,0,-0.86603,-0.86603,0,-0.5,0,-1,0.12295,1
0,1,0,0.5,0,-0.86603,-0.86603,0,-0.5,0,-1,0.12248,1
0,1,0,0.5,0,-0.86603,-0.86603,0,-0.5,0,-1,0.122,1
0,1,0,0.5,0,-0.86603,-0.86603,0,-0.5,0,-1,0.12153,1
0,1,0,0.5,0,-0.86603,-0.86603,0,-0.5,0,-1,0.12105,1
0,1,0,0.5,0,-0.86603,-0.86603,0,-0.5,0,-1,0.12056,1
0,1,0,0.5,0,-0.86603,-0.86603,0,-0.5,0,-1,0.12007,1
0,1,0,0.5,0,-0.86603,-0.86603,0,-0.5,0,-1,0.11958,1
0,1,0,0.5,0,-0.86603,-0.86603,0,-0.5,0,-1,0.11909,1
0,1,0,0.5,0,-0.86603,-0.86603,0,-0.5,0,-1,0.11859,1
0,1,0,0.5,0,-0.86603,-0.86603,0,-0.5,0,-1,0.11809,1
0,1,0,0.5,0,-0.86603,-0.86603,0,-0.5,0,-1,0.11759,1
0,1,0,0.5,0,-0.86603,-0.86603,0,-0.5,0,-1,0.11708,1
0,1,0,0.5,0,-0.86603,-0.86603,0,-0.5,0,-1,0.11658,1
0,1,0,0.5,0,-0.86603,-0.86603,0,-0.5,0,-1,0.11606,1
0,1,0,0.5,0,-0.86603,-0.86603,0,-0.5,0,-1,0.11555,1
0,1,0,0.5,0,-0.86603,-0.86603,0,-0.5,0,-1,0.11503,1
0,1,0,0.5,0,-0.86603,-0.86603,0,-0.5,0,-1,0.11451,1
0,1,0,0.5,0,-0.86603,-0.86603,0,-0.5,0,-1,0.11399,1
0,1,0,0.5,0,-0.86603,-0.86603,0,-0.5,0,-1,0.11347,1
0,1,0,0.5,0,-0.86603,-0.86603,0,-0.5,0,-1,0.11294,1
0,1,0,0.5,0,-0.86603,-0.86603,0,-0.5,0,-1,0.11241,1
0,1,0,0.5,0,-0.86603,-0.86603,0,-0.5,0,-1,0.11188,1
0,1,0,0.5,0,-0.86603,-0.86603,0,-0.5,0,-1,0.11134,1
0,1,0,0.5,0,-0.86603,-0.86603,0,-0.5,0,-1,0.11081,1
0,1,0,0.5,0,-0.86603,-0.86603,0,-0.5,0,-1,0.11027,1
0,1,0,0.5,0,-0.86603,-0.86603,0,-0.5,0,-1,0.10972,1
0,1,0,0.5,0,-0.86603,-0.86603,0,-0.5,0,-1,0.10918,1
0,1,0,0.5,0,-0.86603,-0.86603,0,-0.5,0,-1,0.10863,1
0,1,0,0.5,0,-0.86603,-0.86603,0,-0.5,0,-1,0.10809,1
0,1,0,0.5,0,-0.86603,-0.86603,0,-0.5,0,-1,0.10754,1
0,1,0,0.5,0,-0.86603,-0.86603,0,-0.5,0,-1,0.10698,1
0,1,0,0.5,0,-0.86603,-0.86603,0,-0.5,0,-1,0.10643,1
0,1,0,0.5,0,-0.86603,-0.86603,0,-0.5,0,-1,0.10587,1
0,1,0,0.5,0,-0.86603,-0.86603,0,-0.5,0,-1,0.10532,1
0,1,0,0.5,0,-0.86603,-0.86603,0,-0.5,0,-1,0.10476,1
0,1,0,0.5,0,-0.86603,-0.86603,0,-0.5,0,-1,0.1042,1
0,1,0,0.5,0,-0.86603,-0.86603,0,-0.5,0,-1,0.10363,1
0,1,0,0.5,0,-0.86603,-0.86603,0,-0.5,0,-1,0.10307,1
0,1,0,0.5,0,-0.86603,-0.86603,0,-0.5,0,-1,0.1025,1
0,1,0,0.5,0,-0.86603,-0.86603,0,-0.5,0,-1,0.10193,1
0,1,0,0.5,0,-0.86603,-0.86603,0,-0.5,0,-1,0.10137,1
0,1,0,0.5,0,-0.86603,-0.86603,0,-0.5,0,-1,0.1008,1
0,1,0,0.5,0,-0.86603,-0.86603,0,-0.5,0,-1,0.10022,1
0,1,0,0.5,0,-0.86603,-0.86603,0,-0.5,0,-1,0.09965,1
0,1,0,0.5,0,-0.86603,-0.86603,0,-0.5,0,-1,0.099076,1
0,1,0,0.5,0,-0.86603,-0.86603,0,-0.5,0,-1,0.098501,1
0,1,0,0.5,0,-0.86603,-0.86603,0,-0.5,0,-1,0.097924,1
0,1,0,0.5,0,-0.86603,-0.86603,0,-0.5,0,-1,0.097347,1
0,1,0,0.5,0,-0.86603,-0.86603,0,-0.5,0,-1,0.096769,1
0,1,0,0.5,0,-0.86603,-0.86603,0,-0.5,0,-1,0.096189,1
0,1,0,0.5,0,-0.86603,-0.86603,0,-0.5,0,-1,0.095609,1
0,1,0,0.5,0,-0.86603,-0.86603,0,-0.5,0,-1,0.095028,1
0,1,0,0.5,0,-0.86603,-0.86603,0,-0.5,0,-1,0.094446,1
0,1,0,0.5,0,-0.86603,-0.86603,0,-0.5,0,-1,0.093863,1
0,1,0,0.5,0,-0.86603,-0.86603,0,-0.5,0,-1,0.09328,1
0,1,0,0.5,0,-0.86603,-0.86603,0,-0.5,0,-1,0.092697,1
0,1,0,0.5,0,-0.86603,-0.86603,0,-0.5,0,-1,0.092112,1
0,1,0,0.5,0,-0.86603,-0.86603,0,-0.5,0,-1,0.091528,1
0,1,0,0.5,0,-0.86603,-0.86603,0,-0.5,0,-1,0.090943,1
0,1,0,0.5,0,-0.86603,-0.86603,0,-0.5,0,-1,0.090357,1
0,1,0,0.5,0,-0.86603,-0.86603,0,-0.5,0,-1,0.089771,1
0,1,0,0.5,0,-0.86603,-0.86603,0,-0.5,0,-1,0.089185,1
0,1,0,0.5,0,-0.86603,-0.86603,0,-0.5,0,-1,0.088599,1
0,1,0,0.5,0,-0.86603,-0.86603,0,-0.5,0,-1,0.088013,1
0,1,0,0.5,0,-0.86603,-0.86603,0,-0.5,0,-1,0.087427,1
0,1,0,0.5,0,-0.86603,-0.86603,0,-0.5,0,-1,0.08684,1
0,1,0,0.5,0,-0.86603,-0.86603,0,-0.5,0,-1,0.086254,1
0,1,0,0.5,0,-0.86603,-0.86603,0,-0.5,0,-1,0.085668,1
0,1,0,0.5,0,-0.86603,-0.86603,0,-0.5,0,-1,0.085082,1
0,1,0,0.5,0,-0.86603,-0.86603,0,-0.5,0,-1,0.084497,1
0,1,0,0.5,0,-0.86603,-0.86603,0,-0.5,0,-1,0.083911,1
0,1,0,0.5,0,-0.86603,-0.86603,0,-0.5,0,-1,0.083326,1
0,1,0,0.5,0,-0.86603,-0.86603,0,-0.5,0,-1,0.082742,1
0,1,0,0.5,0,-0.86603,-0.86603,0,-0.5,0,-1,0.082157,1
0,1,0,0.5,0,-0.86603,-0.86603,0,-0.5,0,-1,0.081574,1
0,1,0,0.5,0,-0.86603,-0.86603,0,-0.5,0,-1,0.080991,1
0,1,0,0.5,0,-0.86603,-0.86603,0,-0.5,0,-1,0.080408,1
0,1,0,0.5,0,-0.86603,-0.86603,0,-0.5,0,-1,0.079827,1
0,1,0,0.5,0,-0.86603,-0.86603,0,-0.5,0,-1,0.079246,1
0,1,0,0.5,0,-0.86603,-0.86603,0,-0.5,0,-1,0.078666,1
0,1,0,0.5,0,-0.86603,-0.86603,0,-0.5,0,-1,0.078087,1
0,1,0,0.5,0,-0.86603,-0.86603,0,-0.5,0,-1,0.077509,1
0,1,0,0.5,0,-0.86603,-0.86603,0,-0.5,0,-1,0.076931,1
0,1,0,0.5,0,-0.86603,-0.86603,0,-0.5,0,-1,0.076355,1
0,1,0,0.5,0,-0.86603,-0.86603,0,-0.5,0,-1,0.07578,1
0,1,0,0.5,0,-0.86603,-0.86603,0,-0.5,0,-1,0.075206,1
0,1,0,0.5,0,-0.86603,-0.86603,0,-0.5,0,-1,0.074634,1
0,1,0,0.5,0,-0.86603,-0.86603,0,-0.5,0,-1,0.074062,1
0,1,0,0.5,0,-0.86603,-0.86603,0,-0.5,0,-1,0.073492,1
0,1,0,0.5,0,-0.86603,-0.86603,0,-0.5,0,-1,0.072924,1
0,1,0,0.5,0,-0.86603,-0.86603,0,-0.5,0,-1,0.072356,1
0,1,0,0.5,0,-0.86603,-0.86603,0,-0.5,0,-1,0.071791,1
0,1,0,0.5,0,-0.86603,-0.86603,0,-0.5,0,-1,0.071227,1
0,1,0,0.5,0,-0.86603,-0.86603,0,-0.5,0,-1,0.070664,1
0,1,0,0.5,0,-0.86603,-0.86603,0,-0.5,0,-1,0.070103,1
0,1,0,0.5,0,-0.86603,-0.86603,0,-0.5,0,-1,0.069544,1
0,1,0,0.5,0,-0.86603,-0.86603,0,-0.5,0,-1,0.068987,1
0,1,0,0.5,0,-0.86603,-0.86603,0,-0.5,0,-1,0.068431,1
0,1,0,0.5,0,-0.86603,-0.86603,0,-0.5,0,-1,0.067878,1
0,1,0,0.5,0,-0.86603,-0.86603,0,-0.5,0,-1,0.067326,1
0,1,0,0.5,0,-0.86603,-0.86603,0,-0.5,0,-1,0.066777,1
0,1,0,0.5,0,-0.86603,-0.86603,0,-0.5,0,-1,0.066229,1
0,1,0,0.5,0,-0.86603,-0.86603,0,-0.5,0,-1,0.065683,1
0,1,0,0.5,0,-0.86603,-0.86603,0,-0.5,0,-1,0.06514,1
0,1,0,0.5,0,-0.86603,-0.86603,0,-0.5,0,-1,0.064599,1
0,1,0,0.5,0,-0.86603,-0.86603,0,-0.5,0,-1,0.06406,1
0,1,0,0.5,0,-0.86603,-0.86603,0,-0.5,0,-1,0.063524,1
0,1,0,0.5,0,-0.86603,-0.86603,0,-0.5,0,-1,0.062989,1
0,1,0,0.5,0,-0.86603,-0.86603,0,-0.5,0,-1,0.062458,1
0,1,0,0.5,0,-0.86603,-0.86603,0,-0.5,0,-1,0.061928,1
0,1,0,0.5,0,-0.86603,-0.86603,0,-0.5,0,-1,0.061402,1
0,1,0,0.5,0,-0.86603,-0.86603,0,-0.5,0,-1,0.060877,1
0,1,0,0.5,0,-0.86603,-0.86603,0,-0.5,0,-1,0.060356,1
0,1,0,0.5,0,-0.86603,-0.86603,0,-0.5,0,-1,0.059837,1
0,1,0,0.5,0,-0.86603,-0.86603,0,-0.5,0,-1,0.05932,1
0,1,0,0.5,0,-0.86603,-0.86603,0,-0.5,0,-1,0.058807,1
0,1,0,0.5,0,-0.86603,-0.86603,0,-0.5,0,-1,0.058296,1
0,1,0,0.5,0,-0.86603,-0.86603,0,-0.5,0,-1,0.057788,1
0,1,0,0.5,0,-0.86603,-0.86603,0,-0.5,0,-1,0.057284,1
0,1,0,0.5,0,-0.86603,-0.86603,0,-0.5,0,-1,0.056782,1
0,1,0,0.5,0,-0.86603,-0.86603,0,-0.5,0,-1,0.056283,1
0,1,0,0.5,0,-0.86603,-0.86603,0,-0.5,0,-1,0.055787,1
0,1,0,0.5,0,-0.86603,-0.86603,0,-0.5,0,-1,0.055294,1
0,1,0,0.5,0,-0.86603,-0.86603,0,-0.5,0,-1,0.054804,1
0,1,0,0.5,0,-0.86603,-0.86603,0,-0.5,0,-1,0.054317,1
0,1,0,0.5,0,-0.86603,-0.86603,0,-0.5,0,-1,0.053834,1
0,1,0,0.5,0,-0.86603,-0.86603,0,-0.5,0,-1,0.053354,1
0,1,0,0.5,0,-0.86603,-0.86603,0,-0.5,0,-1,0.052877,1
0,1,0,0.5,0,-0.86603,-0.86603,0,-0.5,0,-1,0.052403,1
0,1,0,0.5,0,-0.86603,-0.86603,0,-0.5,0,-1,0.051933,1
0,1,0,0.5,0,-0.86603,-0.86603,0,-0.5,0,-1,0.051467,1
0,1,0,0.5,0,-0.86603,-0.86603,0,-0.5,0,-1,0.051003,1
0,1,0,0.5,0,-0.86603,-0.86603,0,-0.5,0,-1,0.050544,1
0,1,0,0.5,0,-0.86603,-0.86603,0,-0.5,0,-1,0.050087,1
0,1,0,0.5,0,-0.86603,-0.86603,0,-0.5,0,-1,0.049635,1
0,1,0,0.5,0,-0.86603,-0.86603,0,-0.5,0,-1,0.049186,1
0,1,0,0.5,0,-0.86603,-0.86603,0,-0.5,0,-1,0.04874,1
0,1,0,0.5,0,-0.86603,-0.86603,0,-0.5,0,-1,0.048299,1
0,1,0,0.5,0,-0.86603,-0.86603,0,-0.5,0,-1,0.047861,1
0,1,0,0.5,0,-0.86603,-0.86603,0,-0.5,0,-1,0.047426,1
0,1,0,0.5,0,-0.86603,-0.86603,0,-0.5,0,-1,0.046996,1
0,1,0,0.5,0,-0.86603,-0.86603,0,-0.5,0,-1,0.046569,1
0,1,0,0.5,0,-0.86603,-0.86603,0,-0.5,0,-1,0.046147,1
0,1,0,0.5,0,-0.86603,-0.86603,0,-0.5,0,-1,0.045728,1
0,1,0,0.5,0,-0.86603,-0.86603,0,-0.5,0,-1,0.045313,1
0,1,0,0.5,0,-0.86603,-0.86603,0,-0.5,0,-1,0.044902,1
0,1,0,0.5,0,-0.86603,-0.86603,0,-0.5,0,-1,0.044495,1
0,1,0,0.5,0,-0.86603,-0.86603,0,-0.5,0,-1,0.044092,1
0,1,0,0.5,0,-0.86603,-0.86603,0,-0.5,0,-1,0.043693,1
0,1,0,0.5,0,-0.86603,-0.86603,0,-0.5,0,-1,0.043298,1
0,1,0,0.5,0,-0.86603,-0.86603,0,-0.5,0,-1,0.042907,1
0,1,0,0.5,0,-0.86603,-0.86603,0,-0.5,0,-1,0.04252,1
0,1,0,0.5,0,-0.86603,-0.86603,0,-0.5,0,-1,0.042137,1
0,1,0,0.5,0,-0.86603,-0.86603,0,-0.5,0,-1,0.041759,1
0,1,0,0.5,0,-0.86603,-0.86603,0,-0.5,0,-1,0.041385,1
0,1,0,0.5,0,-0.86603,-0.86603,0,-0.5,0,-1,0.041015,1
0,1,0,0.5,0,-0.86603,-0.86603,0,-0.5,0,-1,0.040649,1
0,1,0,0.5,0,-0.86603,-0.86603,0,-0.5,0,-1,0.040287,1
0,1,0,0.5,0,-0.86603,-0.86603,0,-0.5,0,-1,0.03993,1
0,1,0,0.5,0,-0.86603,-0.86603,0,-0.5,0,-1,0.039577,1
0,1,0,0.5,0,-0.86603,-0.86603,0,-0.5,0,-1,0.039229,1
0,1,0,0.5,0,-0.86603,-0.86603,0,-0.5,0,-1,0.038884,1
0,1,0,0.5,0,-0.86603,-0.86603,0,-0.5,0,-1,0.038544,1
0,1,0,0.5,0,-0.86603,-0.86603,0,-0.5,0,-1,0.038209,1
0,1,0,0.5,0,-0.86603,-0.86603,0,-0.5,0,-1,0.037878,1
0,1,0,0.5,0,-0.86603,-0.86603,0,-0.5,0,-1,0.037551,1
0,1,0,0.5,0,-0.86603,-0.86603,0,-0.5,0,-1,0.037229,1
0,1,0,0.5,0,-0.86603,-0.86603,0,-0.5,0,-1,0.036911,1
0,1,0,0.5,0,-0.86603,-0.86603,0,-0.5,0,-1,0.036597,1
0,1,0,0.5,0,-0.86603,-0.86603,0,-0.5,0,-1,0.036288,1
0,1,0,0.5,0,-0.86603,-0.86603,0,-0.5,0,-1,0.035984,1
0,1,0,0.5,0,-0.86603,-0.86603,0,-0.5,0,-1,0.035684,1
0,1,0,0.5,0,-0.86603,-0.86603,0,-0.5,0,-1,0.035388,1
0,1,0,0.5,0,-0.86603,-0.86603,0,-0.5,0,-1,0.035097,1
0,1,0,0.5,0,-0.86603,-0.86603,0,-0.5,0,-1,0.03481,1
0,1,0,0.5,0,-0.86603,-0.86603,0,-0.5,0,-1,0.034528,1
0,1,0,0.5,0,-0.86603,-0.86603,0,-0.5,0,-1,0.03425,1
0,1,0,0.5,0,-0.86603,-0.86603,0,-0.5,0,-1,0.033977,1
0,1,0,0.5,0,-0.86603,-0.86603,0,-0.5,0,-1,0.033709,1
0,1,0,0.5,0,-0.86603,-0.86603,0,-0.5,0,-1,0.033445,1
0,1,0,0.5,0,-0.86603,-0.86603,0,-0.5,0,-1,0.033185,1
0,1,0,0.5,0,-0.86603,-0.86603,0,-0.5,0,-1,0.03293,1
0,1,0,0.5,0,-0.86603,-0.86603,0,-0.5,0,-1,0.03268,1
0,1,0,0.5,0,-0.86603,-0.86603,0,-0.5,0,-1,0.032434,1
0,1,0,0.5,0,-0.86603,-0.86603,0,-0.5,0,-1,0.032192,1
0,1,0,0.5,0,-0.86603,-0.86603,0,-0.5,0,-1,0.031955,1
0,1,0,0.5,0,-0.86603,-0.86603,0,-0.5,0,-1,0.031723,1
0,1,0,0.5,0,-0.86603,-0.86603,0,-0.5,0,-1,0.031495,1
0,1,0,0.5,0,-0.86603,-0.86603,0,-0.5,0,-1,0.031271,1
0,1,0,0.5,0,-0.86603,-0.86603,0,-0.5,0,-1,0.031052,1
0,1,0,0.5,0,-0.86603,-0.86603,0,-0.5,0,-1,0.030837,1
0,1,0,0.5,0,-0.86603,-0.86603,0,-0.5,0,-1,0.030627,1
0,1,0,0.5,0,-0.86603,-0.86603,0,-0.5,0,-1,0.030422,1
0,1,0,0.5,0,-0.86603,-0.86603,0,-0.5,0,-1,0.03022,1
0,1,0,0.5,0,-0.86603,-0.86603,0,-0.5,0,-1,0.030024,1
0,1,0,0.5,0,-0.86603,-0.86603,0,-0.5,0,-1,0.029831,1
0,1,0,0.5,0,-0.86603,-0.86603,0,-0.5,0,-1,0.029643,1
0,1,0,0.5,0,-0.86603,-0.86603,0,-0.5,0,-1,0.029459,1
0,1,0,0.5,0,-0.86603,-0.86603,0,-0.5,0,-1,0.02928,1
0,1,0,0.5,0,-0.86603,-0.86603,0,-0.5,0,-1,0.029105,1
0,1,0,0.5,0,-0.86603,-0.86603,0,-0.5,0,-1,0.028934,1
0,1,0,0.5,0,-0.86603,-0.86603,0,-0.5,0,-1,0.028768,1
0,1,0,0.5,0,-0.86603,-0.86603,0,-0.5,0,-1,0.028606,1
0,1,0,0.5,0,-0.86603,-0.86603,0,-0.5,0,-1,0.028448,1
0,1,0,0.5,0,-0.86603,-0.86603,0,-0.5,0,-1,0.028294,1
0,1,0,0.5,0,-0.86603,-0.86603,0,-0.5,0,-1,0.028145,1
0,1,0,0.5,0,-0.86603,-0.86603,0,-0.5,0,-1,0.027999,1
0,1,0,0.5,0,-0.86603,-0.86603,0,-0.5,0,-1,0.027858,1
0,1,0,0.5,0,-0.86603,-0.86603,0,-0.5,0,-1,0.027721,1
0,1,0,0.5,0,-0.86603,-0.86603,0,-0.5,0,-1,0.027588,1
0,1,0,0.5,0,-0.86603,-0.86603,0,-0.5,0,-1,0.027459,1
0,1,0,0.5,0,-0.86603,-0.86603,0,-0.5,0,-1,0.027334,1
0,1,0,0.5,0,-0.86603,-0.86603,0,-0.5,0,-1,0.027213,1
0,1,0,0.5,0,-0.86603,-0.86603,0,-0.5,0,-1,0.027095,1
0,1,0,0.5,0,-0.86603,-0.86603,0,-0.5,0,-1,0.026982,1
0,1,0,0.5,0,-0.86603,-0.86603,0,-0.5,0,-1,0.026873,1
0,1,0,0.5,0,-0.86603,-0.86603,0,-0.5,0,-1,0.026767,1
0,1,0,0.5,0,-0.86603,-0.86603,0,-0.5,0,-1,0.026665,1
0,1,0,0.5,0,-0.86603,-0.86603,0,-0.5,0,-1,0.026567,1
0,1,0,0.5,0,-0.86603,-0.86603,0,-0.5,0,-1,0.026472,1
0,1,0,0.5,0,-0.86603,-0.86603,0,-0.5,0,-1,0.026381,1
0,1,0,0.5,0,-0.86603,-0.86603,0,-0.5,0,-1,0.026294,1
0,1,0,0.5,0,-0.86603,-0.86603,0,-0.5,0,-1,0.02621,1
0,1,0,0.5,0,-0.86603,-0.86603,0,-0.5,0,-1,0.02613,1
0,1,0,0.5,0,-0.86603,-0.86603,0,-0.5,0,-1,0.026053,1
0,1,0,0.5,0,-0.86603,-0.86603,0,-0.5,0,-1,0.025979,1
0,1,0,0.5,0,-0.86603,-0.86603,0,-0.5,0,-1,0.025909,1
0,1,0,0.5,0,-0.86603,-0.86603,0,-0.5,0,-1,0.025842,1
0,1,0,0.5,0,-0.86603,-0.86603,0,-0.5,0,-1,0.025778,1
0,1,0,0.5,0,-0.86603,-0.86603,0,-0.5,0,-1,0.025718,1
0,1,0,0.5,0,-0.86603,-0.86603,0,-0.5,0,-1,0.02566,1
0,1,0,0.5,0,-0.86603,-0.86603,0,-0.5,0,-1,0.025606,1
0,1,0,0.5,0,-0.86603,-0.86603,0,-0.5,0,-1,0.025554,1
0,1,0,0.5,0,-0.86603,-0.86603,0,-0.5,0,-1,0.025505,1
0,1,0,0.5,0,-0.86603,-0.86603,0,-0.5,0,-1,0.025459,1
0,1,0,0.5,0,-0.86603,-0.86603,0,-0.5,0,-1,0.025416,1
0,1,0,0.5,0,-0.86603,-0.86603,0,-0.5,0,-1,0.025376,1
0,1,0,0.5,0,-0.86603,-0.86603,0,-0.5,0,-1,0.025338,1
0,1,0,0.5,0,-0.86603,-0.86603,0,-0.5,0,-1,0.025303,1
0,1,0,0.5,0,-0.86603,-0.86603,0,-0.5,0,-1,0.02527,1
0,1,0,0.5,0,-0.86603,-0.86603,0,-0.5,0,-1,0.025239,1
0,1,0,0.5,0,-0.86603,-0.86603,0,-0.5,0,-1,0.025211,1
0,1,0,0.5,0,-0.86603,-0.86603,0,-0.5,0,-1,0.025185,1
0,1,0,0.5,0,-0.86603,-0.86603,0,-0.5,0,-1,0.025161,1
0,1,0,0.5,0,-0.86603,-0.86603,0,-0.5,0,-1,0.02514,1
0,1,0,0.5,0,-0.86603,-0.86603,0,-0.5,0,-1,0.02512,1
0,1,0,0.5,0,-0.86603,-0.86603,0,-0.5,0,-1,0.025102,1
0,1,0,0.5,0,-0.86603,-0.86603,0,-0.5,0,-1,0.025086,1
0,1,0,0.5,0,-0.86603,-0.86603,0,-0.5,0,-1,0.025072,1
0,1,0,0.5,0,-0.86603,-0.86603,0,-0.5,0,-1,0.025059,1
0,1,0,0.5,0,-0.86603,-0.86603,0,-0.5,0,-1,0.025048,1
0,1,0,0.5,0,-0.86603,-0.86603,0,-0.5,0,-1,0.025039,1
0,1,0,0.5,0,-0.86603,-0.86603,0,-0.5,0,-1,0.02503,1
0,1,0,0.5,0,-0.86603,-0.86603,0,-0.5,0,-1,0.025023,1
0,1,0,0.5,0,-0.86603,-0.86603,0,-0.5,0,-1,0.025017,1
0,1,0,0.5,0,-0.86603,-0.86603,0,-0.5,0,-1,0.025013,1
0,1,0,0.5,0,-0.86603,-0.86603,0,-0.5,0,-1,0.025009,1
0,1,0,0.5,0,-0.86603,-0.86603,0,-0.5,0,-1,0.025006,1
0,1,0,0.5,0,-0.86603,-0.86603,0,-0.5,0,-1,0.025004,1
0,1,0,0.5,0,-0.86603,-0.86603,0,-0.5,0,-1,0.025002,1
0,1,0,0.5,0,-0.86603,-0.86603,0,-0.5,0,-1,0.025001,1
0,1,0,0.5,0,-0.86603,-0.86603,0,-0.5,0,-1,0.025,1
0,1,0,0.5,0,-0.86603,-0.86603,0,-0.5,0,-1,0.025,1
0,1,0,0.5,0,-0.86603,-0.86603,0,-0.5,0,-1,0.025,1
0,1,0,0.5,0,-0.86603,-0.86603,0,-0.5,0,-1,0.025,0
0,1,0,0.5,0,-0.86603,-0.86603,0,-0.5,0,-1,0.025,0
0,1,0,0.5,0,-0.86603,-0.86603,0,-0.5,0,-1,0.025,0
0,1,0,0.5,0,-0.86603,-0.86603,0,-0.5,0,-1,0.025,0
0,1,0,0.5,0,-0.86603,-0.86603,0,-0.5,0,-1,0.025,0
0,1,0,0.5,0,-0.86603,-0.86603,0,-0.5,0,-1,0.025,0
0,1,0,0.5,0,-0.86603,-0.86603,0,-0.5,0,-1,0.025,0
0,1,0,0.5,0,-0.86603,-0.86603,0,-0.5,0,-1,0.025,0
0,1,0,0.5,0,-0.86603,-0.86603,0,-0.5,0,-1,0.025,0
0,1,0,0.5,0,-0.86603,-0.86603,0,-0.5,0,-1,0.025,0
0,1,0,0.5,0,-0.86603,-0.86603,0,-0.5,0,-1,0.025,0
0,1,0,0.5,0,-0.86603,-0.86603,0,-0.5,0,-1,0.025,0
0,1,0,0.5,0,-0.86603,-0.86603,0,-0.5,0,-1,0.025,0
0,1,0,0.5,0,-0.86603,-0.86603,0,-0.5,0,-1,0.025,0
0,1,0,0.5,0,-0.86603,-0.86603,0,-0.5,0,-1,0.025,0
0,1,0,0.5,0,-0.86603,-0.86603,0,-0.5,0,-1,0.025,0
0,1,0,0.5,0,-0.86603,-0.86603,0,-0.5,0,-1,0.025,0
0,1,0,0.5,0,-0.86603,-0.86603,0,-0.5,0,-1,0.025,0
0,1,0,0.5,0,-0.86603,-0.86603,0,-0.5,0,-1,0.025,0
0,1,0,0.5,0,-0.86603,-0.86603,0,-0.5,0,-1,0.025,0
0,1,0,0.5,0,-0.86603,-0.86603,0,-0.5,0,-1,0.025,0
0,1,0,0.5,0,-0.86603,-0.86603,0,-0.5,0,-1,0.025,0
0,1,0,0.5,0,-0.86603,-0.86603,0,-0.5,0,-1,0.025,0
0,1,0,0.5,0,-0.86603,-0.86603,0,-0.5,0,-1,0.025,0
0,1,0,0.5,0,-0.86603,-0.86603,0,-0.5,0,-1,0.025,0
0,1,0,0.5,0,-0.86603,-0.86603,0,-0.5,0,-1,0.025,0
0,1,0,0.5,0,-0.86603,-0.86603,0,-0.5,0,-1,0.025,0
0,1,0,0.5,0,-0.86603,-0.86603,0,-0.5,0,-1,0.025,0
0,1,0,0.5,0,-0.86603,-0.86603,0,-0.5,0,-1,0.025,0
0,1,0,0.5,0,-0.86603,-0.86603,0,-0.5,0,-1,0.025,0
0,1,0,0.5,0,-0.86603,-0.86603,0,-0.5,0,-1,0.025,0
0,1,0,0.5,0,-0.86603,-0.86603,0,-0.5,0,-1,0.025,0
0,1,0,0.5,0,-0.86603,-0.86603,0,-0.5,0,-1,0.025,0
0,1,0,0.5,0,-0.86603,-0.86603,0,-0.5,0,-1,0.025,0
0,1,0,0.5,0,-0.86603,-0.86603,0,-0.5,0,-1,0.025,0
0,1,0,0.5,0,-0.86603,-0.86603,0,-0.5,0,-1,0.025,0
0,1,0,0.5,0,-0.86603,-0.86603,0,-0.5,0,-1,0.025,0
0,1,0,0.5,0,-0.86603,-0.86603,0,-0.5,0,-1,0.025,0
0,1,0,0.5,0,-0.86603,-0.86603,0,-0.5,0,-1,0.025,0
0,1,0,0.5,0,-0.86603,-0.86603,0,-0.5,0,-1,0.025,0
0,1,0,0.5,0,-0.86603,-0.86603,0,-0.5,0,-1,0.025,0
0,1,0,0.5,0,-0.86603,-0.86603,0,-0.5,0,-1,0.025,0
0,1,0,0.5,0,-0.86603,-0.86603,0,-0.5,0,-1,0.025,0
0,1,0,0.5,0,-0.86603,-0.86603,0,-0.5,0,-1,0.025,0
0,1,0,0.5,0,-0.86603,-0.86603,0,-0.5,0,-1,0.025,0
0,1,0,0.5,0,-0.86603,-0.86603,0,-0.5,0,-1,0.025,0
0,1,0,0.5,0,-0.86603,-0.86603,0,-0.5,0,-1,0.025,0
0,1,0,0.5,0,-0.86603,-0.86603,0,-0.5,0,-1,0.025,0
0,1,0,0.5,0,-0.86603,-0.86603,0,-0.5,0,-1,0.025,0
0,1,0,0.5,0,-0.86603,-0.86603,0,-0.5,0,-1,0.025,0
0,1,0,0.5,0,-0.86603,-0.86603,0,-0.5,0,-1,0.025,0
0,1,0,0.5,0,-0.86603,-0.86603,0,-0.5,0,-1,0.025,0
0,1,0,0.5,0,-0.86603,-0.86603,0,-0.5,0,-1,0.025,0
0,1,0,0.5,0,-0.86603,-0.86603,0,-0.5,0,-1,0.025,0
0,1,0,0.5,0,-0.86603,-0.86603,0,-0.5,0,-1,0.025,0
0,1,0,0.5,0,-0.86603,-0.86603,0,-0.5,0,-1,0.025,0
0,1,0,0.5,0,-0.86603,-0.86603,0,-0.5,0,-1,0.025,0
0,1,0,0.5,0,-0.86603,-0.86603,0,-0.5,0,-1,0.025,0
0,1,0,0.5,0,-0.86603,-0.86603,0,-0.5,0,-1,0.025,0
0,1,0,0.5,0,-0.86603,-0.86603,0,-0.5,0,-1,0.025,0
0,1,0,0.5,0,-0.86603,-0.86603,0,-0.5,0,-1,0.025,0
0,1,0,0.5,0,-0.86603,-0.86603,0,-0.5,0,-1,0.025,0
0,1,0,0.5,0,-0.86603,-0.86603,0,-0.5,0,-1,0.025,0
0,1,0,0.5,0,-0.86603,-0.86603,0,-0.5,0,-1,0.025,0
0,1,0,0.5,0,-0.86603,-0.86603,0,-0.5,0,-1,0.025,0
0,1,0,0.5,0,-0.86603,-0.86603,0,-0.5,0,-1,0.025,0
0,1,0,0.5,0,-0.86603,-0.86603,0,-0.5,0,-1,0.025,0
0,1,0,0.5,0,-0.86603,-0.86603,0,-0.5,0,-1,0.025,0
0,1,0,0.5,0,-0.86603,-0.86603,0,-0.5,0,-1,0.025,0
0,1,0,0.5,0,-0.86603,-0.86603,0,-0.5,0,-1,0.025,0
0,1,0,0.5,0,-0.86603,-0.86603,0,-0.5,0,-1,0.025,0
0,1,0,0.5,0,-0.86603,-0.86603,0,-0.5,0,-1,0.025,0
0,1,0,0.5,0,-0.86603,-0.86603,0,-0.5,0,-1,0.025,0
0,1,0,0.5,0,-0.86603,-0.86603,0,-0.5,0,-1,0.025,0
0,1,0,0.5,0,-0.86603,-0.86603,0,-0.5,0,-1,0.025,0
0,1,0,0.5,0,-0.86603,-0.86603,0,-0.5,0,-1,0.025,0
0,1,0,0.5,0,-0.86603,-0.86603,0,-0.5,0,-1,0.025,0
0,1,0,0.5,0,-0.86603,-0.86603,0,-0.5,0,-1,0.025,0
0,1,0,0.5,0,-0.86603,-0.86603,0,-0.5,0,-1,0.025,0
0,1,0,0.5,0,-0.86603,-0.86603,0,-0.5,0,-1,0.025,0
0,1,0,0.5,0,-0.86603,-0.86603,0,-0.5,0,-1,0.025,0
0,1,0,0.5,0,-0.86603,-0.86603,0,-0.5,0,-1,0.025,0
0,1,0,0.5,0,-0.86603,-0.86603,0,-0.5,0,-1,0.025,0
0,1,0,0.5,0,-0.86603,-0.86603,0,-0.5,0,-1,0.025,0
0,1,0,0.5,0,-0.86603,-0.86603,0,-0.5,0,-1,0.025,0
0,1,0,0.5,0,-0.86603,-0.86603,0,-0.5,0,-1,0.025,0
0,1,0,0.5,0,-0.86603,-0.86603,0,-0.5,0,-1,0.025,0
0,1,0,0.5,0,-0.86603,-0.86603,0,-0.5,0,-1,0.025,0
0,1,0,0.5,0,-0.86603,-0.86603,0,-0.5,0,-1,0.025,0
0,1,0,0.5,0,-0.86603,-0.86603,0,-0.5,0,-1,0.025,0
0,1,0,0.5,0,-0.86603,-0.86603,0,-0.5,0,-1,0.025,0
0,1,0,0.5,0,-0.86603,-0.86603,0,-0.5,0,-1,0.025,0
0,1,0,0.5,0,-0.86603,-0.86603,0,-0.5,0,-1,0.025,0
0,1,0,0.5,0,-0.86603,-0.86603,0,-0.5,0,-1,0.025,0
0,1,0,0.5,0,-0.86603,-0.86603,0,-0.5,0,-1,0.025,0
0,1,0,0.5,0,-0.86603,-0.86603,0,-0.5,0,-1,0.025,0
0,1,0,0.5,0,-0.86603,-0.86603,0,-0.5,0,-1,0.025,0
0,1,0,0.5,0,-0.86603,-0.86603,0,-0.5,0,-1,0.025,0
0,1,0,0.5,0,-0.86603,-0.86603,0,-0.5,0,-1,0.025,0
0,1,0,0.5,0,-0.86603,-0.86603,0,-0.5,0,-1,0.025,0
0,1,0,0.5,0,-0.86603,-0.86603,0,-0.5,0,-1,0.025,0
0,1,0,0.5,0,-0.86603,-0.86603,0,-0.5,0,-1,0.025001,0
0,1,0,0.5,0,-0.86603,-0.86603,0,-0.5,0,-1,0.02501,0
0,1,0,0.5,0,-0.86603,-0.86603,0,-0.5,0,-1,0.025032,0
0,1,0,0.5,0,-0.86603,-0.86603,0,-0.5,0,-1,0.025076,0
0,1,0,0.5,0,-0.86603,-0.86603,0,-0.5,0,-1,0.025146,0
0,1,0,0.5,0,-0.86603,-0.86603,0,-0.5,0,-1,0.025248,0
0,1,0,0.5,0,-0.86603,-0.86603,0,-0.5,0,-1,0.025388,0
0,1,0,0.5,0,-0.86603,-0.86603,0,-0.5,0,-1,0.02557,0
0,1,0,0.5,0,-0.86603,-0.86603,0,-0.5,0,-1,0.025798,0
0,1,0,0.5,0,-0.86603,-0.86603,0,-0.5,0,-1,0.026078,0
0,1,0,0.5,0,-0.86603,-0.86603,0,-0.5,0,-1,0.026411,0
0,1,0,0.5,0,-0.86603,-0.86603,0,-0.5,0,-1,0.026802,0
0,1,0,0.5,0,-0.86603,-0.86603,0,-0.5,0,-1,0.027254,0
0,1,0,0.5,0,-0.86603,-0.86603,0,-0.5,0,-1,0.027769,0
0,1,0,0.5,0,-0.86603,-0.86603,0,-0.5,0,-1,0.028349,0
0,1,0,0.5,0,-0.86603,-0.86603,0,-0.5,0,-1,0.028997,0
0,1,0,0.5,0,-0.86603,-0.86603,0,-0.5,0,-1,0.029714,0
0,1,0,0.5,0,-0.86603,-0.86603,0,-0.5,0,-1,0.0305,0
0,1,0,0.5,0,-0.86603,-0.86603,0,-0.5,0,-1,0.031358,0
0,1,0,0.5,0,-0.86603,-0.86603,0,-0.5,0,-1,0.032288,0
0,1,0,0.5,0,-0.86603,-0.86603,0,-0.5,0,-1,0.03329,0
0,1,0,0.5,0,-0.86603,-0.86603,0,-0.5,0,-1,0.034365,0
0,1,0,0.5,0,-0.86603,-0.86603,0,-0.5,0,-1,0.035512,0
0,1,0,0.5,0,-0.86603,-0.86603,0,-0.5,0,-1,0.036732,0
0,1,0,0.5,0,-0.86603,-0.86603,0,-0.5,0,-1,0.038022,0
0,1,0,0.5,0,-0.86603,-0.86603,0,-0.5,0,-1,0.039383,0
0,1,0,0.5,0,-0.86603,-0.86603,0,-0.5,0,-1,0.040814,0
0,1,0,0.5,0,-0.86603,-0.86603,0,-0.5,0,-1,0.042313,0
0,1,0,0.5,0,-0.86603,-0.86603,0,-0.5,0,-1,0.043879,0
0,1,0,0.5,0,-0.86603,-0.86603,0,-0.5,0,-1,0.04551,0
0,1,0,0.5,0,-0.86603,-0.86603,0,-0.5,0,-1,0.047203,0
0,1,0,0.5,0,-0.86603,-0.86603,0,-0.5,0,-1,0.048958,0
0,1,0,0.5,0,-0.86603,-0.86603,0,-0.5,0,-1,0.050772,0
0,1,0,0.5,0,-0.86603,-0.86603,0,-0.5,0,-1,0.052642,0
0,1,0,0.5,0,-0.86603,-0.86603,0,-0.5,0,-1,0.054567,0
0,1,0,0.5,0,-0.86603,-0.86603,0,-0.5,0,-1,0.056542,0
0,1,0,0.5,0,-0.86603,-0.86603,0,-0.5,0,-1,0.058566,0
0,1,0,0.5,0,-0.86603,-0.86603,0,-0.5,0,-1,0.060635,0
0,1,0,0.5,0,-0.86603,-0.86603,0,-0.5,0,-1,0.062746,0
0,1,0,0.5,0,-0.86603,-0.86603,0,-0.5,0,-1,0.064897,0
0,1,0,0.5,0,-0.86603,-0.86603,0,-0.5,0,-1,0.067083,0
0,1,0,0.5,0,-0.86603,-0.86603,0,-0.5,0,-1,0.069302,0
0,1,0,0.5,0,-0.86603,-0.86603,0,-0.5,0,-1,0.07155,0
0,1,0,0.5,0,-0.86603,-0.86603,0,-0.5,0,-1,0.073823,0
0,1,0,0.5,0,-0.86603,-0.86603,0,-0.5,0,-1,0.076118,0
0,1,0,0.5,0,-0.86603,-0.86603,0,-0.5,0,-1,0.078432,0
0,1,0,0.5,0,-0.86603,-0.86603,0,-0.5,0,-1,0.08076,0
0,1,0,0.5,0,-0.86603,-0.86603,0,-0.5,0,-1,0.083099,0
0,1,0,0.5,0,-0.86603,-0.86603,0,-0.5,0,-1,0.085445,0
0,1,0,0.5,0,-0.86603,-0.86603,0,-0.5,0,-1,0.087794,0
0,1,0,0.5,0,-0.86603,-0.86603,0,-0.5,0,-1,0.090142,0
0,1,0,0.5,0,-0.86603,-0.86603,0,-0.5,0,-1,0.092487,0
0,1,0,0.5,0,-0.86603,-0.86603,0,-0.5,0,-1,0.094823,0
0,1,0,0.5,0,-0.86603,-0.86603,0,-0.5,0,-1,0.097148,0
0,1,0,0.5,0,-0.86603,-0.86603,0,-0.5,0,-1,0.099457,0
0,1,0,0.5,0,-0.86603,-0.86603,0,-0.5,0,-1,0.10175,0
0,1,0,0.5,0,-0.86603,-0.86603,0,-0.5,0,-1,0.10401,0
0,1,0,0.5,0,-0.86603,-0.86603,0,-0.5,0,-1,0.10626,0
0,1,0,0.5,0,-0.86603,-0.86603,0,-0.5,0,-1,0.10847,0
0,1,0,0.5,0,-0.86603,-0.86603,0,-0.5,0,-1,0.11064,0
0,1,0,0.5,0,-0.86603,-0.86603,0,-0.5,0,-1,0.11279,0
0,1,0,0.5,0,-0.86603,-0.86603,0,-0.5,0,-1,0.11489,0
0,1,0,0.5,0,-0.86603,-0.86603,0,-0.5,0,-1,0.11694,0
0,1,0,0.5,0,-0.86603,-0.86603,0,-0.5,0,-1,0.11896,0
0,1,0,0.5,0,-0.86603,-0.86603,0,-0.5,0,-1,0.12092,0
0,1,0,0.5,0,-0.86603,-0.86603,0,-0.5,0,-1,0.12283,0
0,1,0,0.5,0,-0.86603,-0.86603,0,-0.5,0,-1,0.12469,0
0,1,0,0.5,0,-0.86603,-0.86603,0,-0.5,0,-1,0.12649,0
0,1,0,0.5,0,-0.86603,-0.86603,0,-0.5,0,-1,0.12823,0
0,1,0,0.5,0,-0.86603,-0.86603,0,-0.5,0,-1,0.1299,0
0,1,0,0.5,0,-0.86603,-0.86603,0,-0.5,0,-1,0.13152,0
0,1,0,0.5,0,-0.86603,-0.86603,0,-0.5,0,-1,0.13307,0
0,1,0,0.5,0,-0.86603,-0.86603,0,-0.5,0,-1,0.13455,0
0,1,0,0.5,0,-0.86603,-0.86603,0,-0.5,0,-1,0.13596,0
0,1,0,0.5,0,-0.86603,-0.86603,0,-0.5,0,-1,0.13731,0
0,1,0,0.5,0,-0.86603,-0.86603,0,-0.5,0,-1,0.13858,0
0,1,0,0.5,0,-0.86603,-0.86603,0,-0.5,0,-1,0.13978,0
0,1,0,0.5,0,-0.86603,-0.86603,0,-0.5,0,-1,0.14091,0
0,1,0,0.5,0,-0.86603,-0.86603,0,-0.5,0,-1,0.14197,0
0,1,0,0.5,0,-0.86603,-0.86603,0,-0.5,0,-1,0.14295,0
0,1,0,0.5,0,-0.86603,-0.86603,0,-0.5,0,-1,0.14386,0
0,1,0,0.5,0,-0.86603,-0.86603,0,-0.5,0,-1,0.1447,0
0,1,0,0.5,0,-0.86603,-0.86603,0,-0.5,0,-1,0.14547,0
0,1,0,0.5,0,-0.86603,-0.86603,0,-0.5,0,-1,0.14617,0
0,1,0,0.5,0,-0.86603,-0.86603,0,-0.5,0,-1,0.1468,0
0,1,0,0.5,0,-0.86603,-0.86603,0,-0.5,0,-1,0.14737,0
0,1,0,0.5,0,-0.86603,-0.86603,0,-0.5,0,-1,0.14786,0
0,1,0,0.5,0,-0.86603,-0.86603,0,-0.5,0,-1,0.1483,0
0,1,0,0.5,0,-0.86603,-0.86603,0,-0.5,0,-1,0.14868,0
0,1,0,0.5,0,-0.86603,-0.86603,0,-0.5,0,-1,0.149,0
0,1,0,0.5,0,-0.86603,-0.86603,0,-0.5,0,-1,0.14926,0
0,1,0,0.5,0,-0.86603,-0.86603,0,-0.5,0,-1,0.14948,0
0,1,0,0.5,0,-0.86603,-0.86603,0,-0.5,0,-1,0.14965,0
0,1,0,0.5,0,-0.86603,-0.86603,0,-0.5,0,-1,0.14978,0
0,1,0,0.5,0,-0.86603,-0.86603,0,-0.5,0,-1,0.14987,0
0,1,0,0.5,0,-0.86603,-0.86603,0,-0.5,0,-1,0.14994,0
0,1,0,0.5,0,-0.86603,-0.86603,0,-0.5,0,-1,0.14997,0
0,1,0,0.5,0,-0.86603,-0.86603,0,-0.5,0,-1,0.14999,0
0,1,0,0.5,0,-0.86603,-0.86603,0,-0.5,0,-1,0.15,0
0,1,0,0.5,0,-0.86603,-0.86603,0,-0.5,0,-1,0.15,0
5.8336e-07,1,1.0104e-06,0.5,5.8336e-07,-0.86603,-0.86603,1.0104e-06,-0.5,6.289e-07,-1,0.15,0
4.6388e-06,1,8.0346e-06,0.49999,4.6388e-06,-0.86603,-0.86603,8.0346e-06,-0.49999,5.001e-06,-1,0.15,0
1.5562e-05,1,2.6953e-05,0.49998,1.5562e-05,-0.86604,-0.86604,2.6953e-05,-0.49998,1.6776e-05,-1,0.15002,0
3.6665e-05,1,6.3502e-05,0.49995,3.6665e-05,-0.86606,-0.86606,6.3502e-05,-0.49995,3.9525e-05,-0.99999,0.15004,0
7.1182e-05,1,0.00012327,0.49989,7.1182e-05,-0.86609,-0.86609,0.00012327,-0.49989,7.6726e-05,-0.99998,0.15007,0
0.00012226,1,0.00021171,0.49982,0.00012226,-0.86613,-0.86613,0.00021171,-0.49982,0.00013177,-0.99996,0.15012,0
0.00019299,1,0.00033413,0.49971,0.00019299,-0.86619,-0.86619,0.00033413,-0.49971,0.00020796,-0.99994,0.15019,0
0.00028635,1,0.00049569,0.49957,0.00028635,-0.86627,-0.86627,0.00049569,-0.49957,0.00030849,-0.99991,0.15028,0
0.00040528,1,0.00070141,0.49939,0.00040528,-0.86638,-0.86638,0.00070141,-0.49939,0.0004365,-0.99988,0.1504,0
0.00055265,1,0.00095616,0.49917,0.00055265,-0.8665,-0.8665,0.00095616,-0.49917,0.000595,-0.99983,0.15054,0
0.00073123,1,0.0012647,0.4989,0.00073123,-0.86666,-0.86666,0.0012647,-0.4989,0.00078693,-0.99978,0.15072,0
0.00094376,1,0.0016316,0.49859,0.00094376,-0.86684,-0.86684,0.0016316,-0.49858,0.0010151,-0.99972,0.15093,0
0.0011929,1,0.0020613,0.49821,0.0011929,-0.86705,-0.86705,0.0020613,-0.49821,0.0012823,-0.99964,0.15117,0
0.0014813,1,0.0025581,0.49778,0.0014813,-0.8673,-0.8673,0.0025581,-0.49778,0.0015912,-0.99956,0.15145,0
0.0018114,0.99999,0.0031262,0.49729,0.0018114,-0.86758,-0.86758,0.0031262,-0.49728,0.0019443,-0.99946,0.15178,0
0.0021859,0.99999,0.0037696,0.49673,0.0021859,-0.8679,-0.8679,0.0037696,-0.49672,0.0023441,-0.99934,0.15214,0
0.002607,0.99999,0.0044921,0.4961,0.002607,-0.86826,-0.86826,0.0044921,-0.49609,0.0027929,-0.99922,0.15256,0
0.0030773,0.99998,0.0052976,0.4954,0.0030773,-0.86866,-0.86866,0.0052976,-0.49538,0.0032931,-0.99907,0.15302,0
0.0035992,0.99997,0.0061895,0.49463,0.0035992,-0.8691,-0.8691,0.0061895,-0.4946,0.0038467,-0.99891,0.15353,0
0.0041748,0.99997,0.0071714,0.49377,0.0041748,-0.86958,-0.86958,0.0071714,-0.49374,0.0044558,-0.99874,0.15409,0
0.0048066,0.99995,0.0082464,0.49284,0.0048066,-0.87011,-0.87011,0.0082464,-0.49279,0.0051224,-0.99854,0.1547,0
0.0054968,0.99994,0.0094178,0.49181,0.0054968,-0.87068,-0.87068,0.0094178,-0.49175,0.0058483,-0.99833,0.15538,0
0.0062477,0.99992,0.010689,0.49071,0.0062477,-0.8713,-0.8713,0.010689,-0.49063,0.0066353,-0.9981,0.15611,0
0.0070613,0.9999,0.012061,0.48951,0.0070613,-0.87197,-0.87197,0.012061,-0.48941,0.007485,-0.99784,0.1569,0
0.00794,0.99988,0.013539,0.48821,0.00794,-0.87269,-0.87269,0.013539,-0.48809,0.008399,-0.99757,0.15775,0
0.0088858,0.99985,0.015124,0.48683,0.0088858,-0.87345,-0.87345,0.015124,-0.48667,0.0093786,-0.99727,0.15867,0
0.009901,0.99981,0.016819,0.48534,0.009901,-0.87427,-0.87427,0.016819,-0.48515,0.010425,-0.99695,0.15965,0
0.010988,0.99977,0.018626,0.48375,0.010988,-0.87514,-0.87514,0.018626,-0.48352,0.01154,-0.99661,0.1607,0
0.012148,0.99972,0.020547,0.48206,0.012148,-0.87605,-0.87605,0.020547,-0.48178,0.012724,-0.99624,0.16182,0
0.013384,0.99966,0.022584,0.48027,0.013384,-0.87702,-0.87702,0.022584,-0.47992,0.013978,-0.99584,0.16301,0
0.014697,0.99959,0.024739,0.47837,0.014697,-0.87804,-0.87804,0.024739,-0.47795,0.015304,-0.99541,0.16427,0
0.01609,0.99951,0.027013,0.47636,0.01609,-0.8791,-0.8791,0.027013,-0.47586,0.016701,-0.99496,0.16561,0
0.017566,0.99941,0.029408,0.47424,0.017566,-0.88022,-0.88022,0.029408,-0.47365,0.018171,-0.99448,0.16702,0
0.019125,0.99931,0.031925,0.47201,0.019125,-0.88139,-0.88139,0.031925,-0.47131,0.019714,-0.99396,0.16851,0
0.02077,0.99919,0.034566,0.46966,0.02077,-0.8826,-0.8826,0.034566,-0.46885,0.02133,-0.99341,0.17007,0
0.022503,0.99905,0.03733,0.4672,0.022503,-0.88387,-0.88387,0.03733,-0.46625,0.023021,-0.99283,0.17172,0
0.024326,0.99889,0.04022,0.46462,0.024326,-0.88518,-0.88518,0.04022,-0.46351,0.024785,-0.99221,0.17345,0
0.026242,0.99872,0.043235,0.46192,0.026242,-0.88653,-0.88653,0.043235,-0.46064,0.026622,-0.99155,0.17526,0
0.028251,0.99852,0.046377,0.4591,0.028251,-0.88794,-0.88794,0.046377,-0.45762,0.028534,-0.99086,0.17716,0
0.030357,0.99831,0.049644,0.45616,0.030357,-0.88938,-0.88938,0.049644,-0.45446,0.03052,-0.99013,0.17914,0
0.032561,0.99806,0.053039,0.4531,0.032561,-0.89087,-0.89087,0.053039,-0.45116,0.032578,-0.98935,0.1812,0
0.034865,0.99779,0.05656,0.44991,0.034865,-0.89239,-0.89239,0.05656,-0.4477,0.03471,-0.98853,0.18336,0
0.037271,0.99749,0.060207,0.4466,0.037271,-0.89396,-0.89396,0.060207,-0.44409,0.036914,-0.98767,0.1856,0
0.039781,0.99716,0.06398,0.44317,0.039781,-0.89555,-0.89555,0.06398,-0.44033,0.03919,-0.98676,0.18793,0
0.042398,0.99679,0.067879,0.43961,0.042398,-0.89719,-0.89719,0.067879,-0.4364,0.041537,-0.9858,0.19035,0
0.045122,0.99639,0.071902,0.43593,0.045122,-0.89885,-0.89885,0.071902,-0.43232,0.043953,-0.98479,0.19286,0
0.047957,0.99595,0.076049,0.43211,0.047957,-0.90054,-0.90054,0.076049,-0.42806,0.046439,-0.98373,0.19547,0
0.050904,0.99547,0.080319,0.42818,0.050904,-0.90226,-0.90226,0.080319,-0.42364,0.048992,-0.98262,0.19817,0
0.053964,0.99494,0.08471,0.42411,0.053964,-0.904,-0.904,0.08471,-0.41905,0.051612,-0.98145,0.20096,0
0.057141,0.99437,0.089221,0.41992,0.057141,-0.90576,-0.90576,0.089221,-0.41429,0.054297,-0.98022,0.20385,0
0.060435,0.99375,0.093851,0.4156,0.060435,-0.90754,-0.90754,0.093851,-0.40935,0.057046,-0.97894,0.20683,0
0.063848,0.99308,0.098597,0.41115,0.063848,-0.90933,-0.90933,0.098597,-0.40423,0.059857,-0.97759,0.2099,0
0.067383,0.99235,0.10346,0.40658,0.067383,-0.91113,-0.91113,0.10346,-0.39893,0.062728,-0.97618,0.21308,0
0.07104,0.99156,0.10843,0.40188,0.07104,-0.91293,-0.91293,0.10843,-0.39344,0.065657,-0.9747,0.21635,0
0.074822,0.99071,0.11351,0.39705,0.074822,-0.91474,-0.91474,0.11351,-0.38777,0.068643,-0.97315,0.21972,0
0.078731,0.9898,0.1187,0.3921,0.078731,-0.91655,-0.91655,0.1187,-0.3819,0.071683,-0.97154,0.22318,0
0.082767,0.98882,0.124,0.38702,0.082767,-0.91835,-0.91835,0.124,-0.37585,0.074775,-0.96985,0.22674,0
0.086933,0.98777,0.1294,0.38183,0.086933,-0.92014,-0.92014,0.1294,-0.3696,0.077917,-0.96809,0.2304,0
0.09123,0.98665,0.13489,0.3765,0.09123,-0.92191,-0.92191,0.13489,-0.36316,0.081107,-0.96625,0.23416,0
0.095659,0.98545,0.14049,0.37106,0.095659,-0.92367,-0.92367,0.14049,-0.35651,0.084341,-0.96433,0.23801,0
0.10022,0.98417,0.14617,0.3655,0.10022,-0.9254,-0.9254,0.14617,-0.34967,0.087618,-0.96233,0.24196,0
0.10492,0.9828,0.15194,0.35982,0.10492,-0.92711,-0.92711,0.15194,-0.34262,0.090935,-0.96024,0.24601,0
0.10975,0.98135,0.1578,0.35402,0.10975,-0.92878,-0.92878,0.1578,-0.33537,0.094288,-0.95807,0.25015,0
0.11472,0.97981,0.16374,0.3481,0.11472,-0.93041,-0.93041,0.16374,-0.32791,0.097675,-0.95582,0.25439,0
0.11983,0.97817,0.16975,0.34208,0.11983,-0.932,-0.932,0.16975,-0.32025,0.10109,-0.95347,0.25873,0
0.12508,0.97644,0.17584,0.33594,0.12508,-0.93354,-0.93354,0.17584,-0.31238,0.10454,-0.95103,0.26316,0
0.13047,0.97461,0.18199,0.32969,0.13047,-0.93503,-0.93503,0.18199,-0.3043,0.10801,-0.94849,0.26768,0
0.136,0.97267,0.18821,0.32334,0.136,-0.93646,-0.93646,0.18821,-0.296,0.1115,-0.94586,0.2723,0
0.14167,0.97062,0.19449,0.31688,0.14167,-0.93783,-0.93783,0.19449,-0.2875,0.11501,-0.94313,0.27701,0
0.14748,0.96846,0.20082,0.31032,0.14748,-0.93912,-0.93912,0.20082,-0.27878,0.11854,-0.9403,0.28181,0
0.15343,0.96619,0.2072,0.30366,0.15343,-0.94035,-0.94035,0.2072,-0.26985,0.12207,-0.93736,0.2867,0
0.15953,0.9638,0.21362,0.2969,0.15953,-0.94149,-0.94149,0.21362,-0.26071,0.12561,-0.93432,0.29168,0
0.16576,0.9613,0.22007,0.29006,0.16576,-0.94254,-0.94254,0.22007,-0.25135,0.12916,-0.93117,0.29674,0
0.17214,0.95866,0.22656,0.28312,0.17214,-0.94351,-0.94351,0.22656,-0.24178,0.13271,-0.92791,0.30189,0
0.17867,0.9559,0.23308,0.2761,0.17867,-0.94438,-0.94438,0.23308,-0.232,0.13625,-0.92454,0.30712,0
0.18533,0.95301,0.23962,0.26899,0.18533,-0.94514,-0.94514,0.23962,-0.22201,0.13979,-0.92105,0.31243,0
0.19213,0.94999,0.24617,0.26181,0.19213,-0.9458,-0.9458,0.24617,-0.2118,0.14332,-0.91745,0.31783,0
0.19908,0.94684,0.25273,0.25455,0.19908,-0.94635,-0.94635,0.25273,-0.20139,0.14683,-0.91373,0.3233,0
0.20616,0.94354,0.25929,0.24722,0.20616,-0.94677,-0.94677,0.25929,-0.19076,0.15032,-0.90989,0.32884,0
0.21338,0.9401,0.26584,0.23982,0.21338,-0.94708,-0.94708,0.26584,-0.17993,0.1538,-0.90594,0.33446,0
0.22074,0.93652,0.27239,0.23237,0.22074,-0.94725,-0.94725,0.27239,-0.16889,0.15724,-0.90186,0.34014,0
0.22823,0.9328,0.27892,0.22485,0.22823,-0.94729,-0.94729,0.27892,-0.15765,0.16066,-0.89765,0.3459,0
0.23586,0.92893,0.28542,0.21728,0.23586,-0.94718,-0.94718,0.28542,-0.1462,0.16404,-0.89333,0.35171,0
0.24363,0.9249,0.2919,0.20966,0.24363,-0.94694,-0.94694,0.2919,-0.13456,0.16738,-0.88887,0.35759,0
0.25152,0.92073,0.29833,0.202,0.25152,-0.94654,-0.94654,0.29833,-0.12272,0.17068,-0.88429,0.36353,0
0.25954,0.9164,0.30473,0.1943,0.25954,-0.94599,-0.94599,0.30473,-0.11069,0.17394,-0.87958,0.36952,0
0.26769,0.91191,0.31107,0.18656,0.26769,-0.94527,-0.94527,0.31107,-0.098472,0.17715,-0.87474,0.37556,0
0.27596,0.90727,0.31735,0.1788,0.27596,-0.94439,-0.94439,0.31735,-0.086066,0.1803,-0.86978,0.38165,0
0.28435,0.90247,0.32357,0.17101,0.28435,-0.94335,-0.94335,0.32357,-0.073478,0.1834,-0.86468,0.38779,0
0.29286,0.89751,0.32972,0.16321,0.29286,-0.94212,-0.94212,0.32972,-0.060712,0.18644,-0.85945,0.39396,0
0.30149,0.89238,0.33579,0.15539,0.30149,-0.94072,-0.94072,0.33579,-0.047772,0.18941,-0.85408,0.40018,0
0.31022,0.8871,0.34178,0.14756,0.31022,-0.93914,-0.93914,0.34178,-0.034665,0.19231,-0.84859,0.40642,0
0.31907,0.88166,0.34767,0.13974,0.31907,-0.93737,-0.93737,0.34767,-0.021394,0.19514,-0.84297,0.4127,0
0.32802,0.87605,0.35347,0.13191,0.32802,-0.93541,-0.93541,0.35347,-0.0079646,0.1979,-0.83721,0.419,0
0.33708,0.87028,0.35915,0.1241,0.33708,-0.93326,-0.93326,0.35915,0.0056171,0.20058,-0.83132,0.42532,0
0.34623,0.86435,0.36473,0.11631,0.34623,-0.93091,-0.93091,0.36473,0.019346,0.20318,-0.8253,0.43165,0
0.35548,0.85825,0.37019,0.10853,0.35548,-0.92836,-0.92836,0.37019,0.033215,0.20569,-0.81915,0.438,0
0.36481,0.852,0.37552,0.10079,0.36481,-0.92561,-0.92561,0.37552,0.047218,0.20811,-0.81287,0.44436,0
0.37423,0.84558,0.38072,0.093074,0.37423,-0.92265,-0.92265,0.38072,0.061349,0.21045,-0.80646,0.45072,0
0.38373,0.839,0.38578,0.0854,0.38373,-0.91949,-0.91949,0.38578,0.075602,0.21269,-0.79992,0.45708,0
0.39331,0.83226,0.3907,0.077772,0.39331,-0.91611,-0.91611,0.3907,0.089968,0.21483,-0.79325,0.46343,0
0.40296,0.82536,0.39547,0.070195,0.40296,-0.91252,-0.91252,0.39547,0.10444,0.21687,-0.78646,0.46977,0
0.41268,0.81831,0.40008,0.062676,0.41268,-0.90872,-0.90872,0.40008,0.11901,0.21881,-0.77954,0.47609,0
0.42245,0.8111,0.40453,0.055219,0.42245,-0.9047,-0.9047,0.40453,0.13368,0.22065,-0.7725,0.4824,0
0.43228,0.80374,0.40881,0.047832,0.43228,-0.90047,-0.90047,0.40881,0.14842,0.22237,-0.76534,0.48868,0
0.44216,0.79623,0.41292,0.040519,0.44216,-0.89602,-0.89602,0.41292,0.16325,0.22399,-0.75805,0.49493,0
0.45209,0.78858,0.41685,0.033287,0.45209,-0.89135,-0.89135,0.41685,0.17814,0.2255,-0.75065,0.50115,0
0.46206,0.78077,0.42059,0.026142,0.46206,-0.88646,-0.88646,0.42059,0.19309,0.2269,-0.74314,0.50732,0
0.47206,0.77283,0.42415,0.019088,0.47206,-0.88136,-0.88136,0.42415,0.20809,0.22818,-0.73551,0.51345,0
0.48209,0.76474,0.42751,0.012132,0.48209,-0.87604,-0.87604,0.42751,0.22313,0.22934,-0.72778,0.51954,0
0.49214,0.75652,0.43068,0.0052792,0.49214,-0.8705,-0.8705,0.43068,0.2382,0.23039,-0.71993,0.52556,0
0.5022,0.74816,0.43364,-0.0014656,0.5022,-0.86475,-0.86475,0.43364,0.2533,0.23132,-0.71198,0.53154,0
0.51228,0.73968,0.4364,-0.0080968,0.51228,-0.85878,-0.85878,0.4364,0.26842,0.23213,-0.70393,0.53744,0
0.52236,0.73107,0.43895,-0.014609,0.52236,-0.8526,-0.8526,0.43895,0.28354,0.23281,-0.69578,0.54328,0
0.53244,0.72234,0.44129,-0.020998,0.53244,-0.84621,-0.84621,0.44129,0.29866,0.23338,-0.68754,0.54905,0
0.54251,0.71349,0.44341,-0.027259,0.54251,-0.83961,-0.83961,0.44341,0.31377,0.23382,-0.6792,0.55474,0
0.55257,0.70453,0.44531,-0.033386,0.55257,-0.8328,-0.8328,0.44531,0.32886,0.23414,-0.67078,0.56035,0
0.56261,0.69546,0.44699,-0.039376,0.56261,-0.82578,-0.82578,0.44699,0.34391,0.23434,-0.66227,0.56587,0
0.57262,0.68629,0.44845,-0.045224,0.57262,-0.81857,-0.81857,0.44845,0.35893,0.23442,-0.65368,0.57131,0
0.5826,0.67702,0.44968,-0.050926,0.5826,-0.81116,-0.81116,0.44968,0.3739,0.23437,-0.64501,0.57665,0
0.59254,0.66766,0.45069,-0.056477,0.59254,-0.80356,-0.80356,0.45069,0.38882,0.2342,-0.63627,0.58189,0
0.60244,0.65821,0.45147,-0.061875,0.60244,-0.79576,-0.79576,0.45147,0.40366,0.23391,-0.62746,0.58703,0
0.61229,0.64868,0.45201,-0.067115,0.61229,-0.78778,-0.78778,0.45201,0.41844,0.23349,-0.61859,0.59206,0
0.62208,0.63907,0.45233,-0.072195,0.62208,-0.77962,-0.77962,0.45233,0.43313,0.23296,-0.60966,0.59699,0
0.63181,0.62939,0.45242,-0.07711,0.63181,-0.77127,-0.77127,0.45242,0.44772,0.23231,-0.60067,0.6018,0
0.64148,0.61964,0.45227,-0.081859,0.64148,-0.76276,-0.76276,0.45227,0.46222,0.23154,-0.59163,0.6065,0
0.65107,0.60983,0.4519,-0.086438,0.65107,-0.75408,-0.75408,0.4519,0.4766,0.23065,-0.58254,0.61108,0
0.66058,0.59997,0.45129,-0.090845,0.66058,-0.74524,-0.74524,0.45129,0.49087,0.22964,-0.57341,0.61554,0
0.67001,0.59006,0.45046,-0.095077,0.67001,-0.73624,-0.73624,0.45046,0.50501,0.22853,-0.56424,0.61987,0
0.67935,0.58011,0.4494,-0.099134,0.67935,-0.72709,-0.72709,0.4494,0.51902,0.2273,-0.55504,0.62408,0
0.68859,0.57012,0.44811,-0.10301,0.68859,-0.71779,-0.71779,0.44811,0.53289,0.22595,-0.54582,0.62815,0
0.69774,0.5601,0.44659,-0.10671,0.69774,-0.70836,-0.70836,0.44659,0.54661,0.2245,-0.53656,0.63209,0
0.70678,0.55006,0.44486,-0.11023,0.70678,-0.69879,-0.69879,0.44486,0.56017,0.22295,-0.52729,0.6359,0
0.71571,0.54,0.4429,-0.11356,0.71571,-0.6891,-0.6891,0.4429,0.57357,0.22129,-0.51801,0.63958,0
0.72453,0.52992,0.44072,-0.11672,0.72453,-0.67929,-0.67929,0.44072,0.5868,0.21953,-0.50872,0.64311,0
0.73323,0.51984,0.43833,-0.11969,0.73323,-0.66936,-0.66936,0.43833,0.59985,0.21767,-0.49942,0.64651,0
0.74181,0.50976,0.43573,-0.12248,0.74181,-0.65933,-0.65933,0.43573,0.61272,0.21571,-0.49013,0.64976,0
0.75026,0.49968,0.43292,-0.12508,0.75026,-0.6492,-0.6492,0.43292,0.62539,0.21366,-0.48083,0.65287,0
0.75858,0.48962,0.42991,-0.1275,0.75858,-0.63898,-0.63898,0.42991,0.63788,0.21153,-0.47155,0.65584,0
0.76677,0.47958,0.42669,-0.12974,0.76677,-0.62867,-0.62867,0.42669,0.65016,0.2093,-0.46229,0.65867,0
0.77483,0.46955,0.42328,-0.13179,0.77483,-0.61829,-0.61829,0.42328,0.66224,0.20699,-0.45304,0.66135,0
0.78274,0.45956,0.41967,-0.13367,0.78274,-0.60783,-0.60783,0.41967,0.6741,0.20459,-0.44382,0.66389,0
0.7905,0.44961,0.41588,-0.13536,0.7905,-0.59731,-0.59731,0.41588,0.68576,0.20212,-0.43463,0.66629,0
0.79813,0.43969,0.41191,-0.13688,0.79813,-0.58674,-0.58674,0.41191,0.69719,0.19957,-0.42547,0.66854,0
0.8056,0.42982,0.40776,-0.13822,0.8056,-0.57611,-0.57611,0.40776,0.7084,0.19696,-0.41635,0.67064,0
0.81292,0.42,0.40343,-0.13938,0.81292,-0.56545,-0.56545,0.40343,0.71938,0.19427,-0.40728,0.67261,0
0.82009,0.41024,0.39894,-0.14037,0.82009,-0.55475,-0.55475,0.39894,0.73013,0.19152,-0.39825,0.67443,0
0.8271,0.40054,0.39429,-0.1412,0.8271,-0.54403,-0.54403,0.39429,0.74065,0.18871,-0.38927,0.67611,0
0.83396,0.39091,0.38949,-0.14185,0.83396,-0.53328,-0.53328,0.38949,0.75094,0.18584,-0.38034,0.67765,0
0.84066,0.38135,0.38453,-0.14234,0.84066,-0.52253,-0.52253,0.38453,0.76099,0.18291,-0.37148,0.67905,0
0.8472,0.37187,0.37943,-0.14266,0.8472,-0.51177,-0.51177,0.37943,0.77079,0.17994,-0.36268,0.68031,0
0.85357,0.36247,0.3742,-0.14283,0.85357,-0.50101,-0.50101,0.3742,0.78036,0.17692,-0.35394,0.68143,0
0.85979,0.35316,0.36884,-0.14284,0.85979,-0.49026,-0.49026,0.36884,0.78969,0.17385,-0.34528,0.68242,0
0.86585,0.34393,0.36335,-0.1427,0.86585,-0.47953,-0.47953,0.36335,0.79877,0.17075,-0.33669,0.68328,0
0.87174,0.33481,0.35774,-0.14241,0.87174,-0.46882,-0.46882,0.35774,0.80761,0.16761,-0.32818,0.68401,0
0.87747,0.32578,0.35203,-0.14198,0.87747,-0.45814,-0.45814,0.35203,0.8162,0.16444,-0.31975,0.68461,0
0.88303,0.31685,0.34621,-0.1414,0.88303,-0.4475,-0.4475,0.34621,0.82455,0.16123,-0.31141,0.68508,0
0.88844,0.30803,0.34029,-0.14069,0.88844,-0.43691,-0.43691,0.34029,0.83266,0.158,-0.30315,0.68543,0
0.89368,0.29932,0.33428,-0.13984,0.89368,-0.42636,-0.42636,0.33428,0.84052,0.15475,-0.29499,0.68566,0
0.89876,0.29072,0.32819,-0.13886,0.89876,-0.41587,-0.41587,0.32819,0.84814,0.15149,-0.28692,0.68578,0
0.90368,0.28224,0.32202,-0.13776,0.90368,-0.40544,-0.40544,0.32202,0.85552,0.1482,-0.27895,0.68578,0
0.90844,0.27388,0.31579,-0.13654,0.90844,-0.39508,-0.39508,0.31579,0.86267,0.14491,-0.27108,0.68566,0
0.91305,0.26564,0.30949,-0.13521,0.91305,-0.38479,-0.38479,0.30949,0.86957,0.1416,-0.2633,0.68544,0
0.91749,0.25752,0.30313,-0.13376,0.91749,-0.37459,-0.37459,0.30313,0.87624,0.13829,-0.25564,0.68512,0
0.92178,0.24953,0.29673,-0.13221,0.92178,-0.36447,-0.36447,0.29673,0.88268,0.13498,-0.24808,0.68469,0
0.92592,0.24167,0.29028,-0.13056,0.92592,-0.35444,-0.35444,0.29028,0.88888,0.13167,-0.24063,0.68417,0
0.92991,0.23394,0.2838,-0.12881,0.92991,-0.3445,-0.3445,0.2838,0.89486,0.12836,-0.23329,0.68355,0
0.93374,0.22635,0.27729,-0.12696,0.93374,-0.33467,-0.33467,0.27729,0.90062,0.12507,-0.22606,0.68284,0
0.93743,0.21889,0.27075,-0.12504,0.93743,-0.32494,-0.32494,0.27075,0.90615,0.12178,-0.21895,0.68204,0
0.94098,0.21156,0.26421,-0.12303,0.94098,-0.31532,-0.31532,0.26421,0.91146,0.1185,-0.21195,0.68116,0
0.94438,0.20438,0.25765,-0.12094,0.94438,-0.30582,-0.30582,0.25765,0.91657,0.11524,-0.20508,0.6802,0
0.94764,0.19733,0.25109,-0.11878,0.94764,-0.29643,-0.29643,0.25109,0.92146,0.112,-0.19832,0.67917,0
0.95076,0.19042,0.24453,-0.11656,0.95076,-0.28717,-0.28717,0.24453,0.92614,0.10878,-0.19168,0.67806,0
0.95375,0.18365,0.23798,-0.11427,0.95375,-0.27804,-0.27804,0.23798,0.93062,0.10558,-0.18516,0.67688,0
0.95661,0.17702,0.23145,-0.11193,0.95661,-0.26903,-0.26903,0.23145,0.93491,0.10241,-0.17876,0.67565,0
0.95933,0.17054,0.22494,-0.10954,0.95933,-0.26016,-0.26016,0.22494,0.939,0.099269,-0.17249,0.67435,0
0.96193,0.16419,0.21846,-0.10709,0.96193,-0.25142,-0.25142,0.21846,0.9429,0.096157,-0.16634,0.67299,0
0.96441,0.15799,0.21201,-0.10461,0.96441,-0.24283,-0.24283,0.21201,0.94662,0.093079,-0.16032,0.67159,0
0.96677,0.15193,0.2056,-0.10209,0.96677,-0.23437,-0.23437,0.2056,0.95016,0.090035,-0.15441,0.67013,0
0.96901,0.14601,0.19923,-0.099533,0.96901,-0.22607,-0.22607,0.19923,0.95352,0.087027,-0.14864,0.66863,0
0.97114,0.14024,0.19291,-0.096951,0.97114,-0.21791,-0.21791,0.19291,0.95671,0.084059,-0.14299,0.66709,0
0.97316,0.1346,0.18665,-0.094345,0.97316,-0.2099,-0.2099,0.18665,0.95974,0.081131,-0.13746,0.66552,0
0.97507,0.12911,0.18045,-0.09172,0.97507,-0.20204,-0.20204,0.18045,0.96261,0.078246,-0.13207,0.66391,0
0.97688,0.12376,0.17431,-0.08908,0.97688,-0.19433,-0.19433,0.17431,0.96532,0.075404,-0.12679,0.66227,0
0.97859,0.11854,0.16824,-0.086431,0.97859,-0.18678,-0.18678,0.16824,0.96789,0.072608,-0.12164,0.66061,0
0.9802,0.11347,0.16225,-0.083775,0.9802,-0.17939,-0.17939,0.16225,0.97031,0.069859,-0.11662,0.65892,0
0.98172,0.10853,0.15633,-0.081118,0.98172,-0.17216,-0.17216,0.15633,0.97259,0.067157,-0.11172,0.65722,0
0.98315,0.10373,0.15049,-0.078463,0.98315,-0.16508,-0.16508,0.15049,0.97473,0.064505,-0.10695,0.6555,0
0.9845,0.099068,0.14474,-0.075815,0.9845,-0.15817,-0.15817,0.14474,0.97675,0.061904,-0.1023,0.65378,0
0.98576,0.094539,0.13908,-0.073177,0.98576,-0.15141,-0.15141,0.13908,0.97864,0.059354,-0.097771,0.65204,0
0.98694,0.090143,0.13351,-0.070552,0.98694,-0.14482,-0.14482,0.13351,0.98041,0.056857,-0.093366,0.6503,0
0.98804,0.085879,0.12804,-0.067945,0.98804,-0.13839,-0.13839,0.12804,0.98207,0.054413,-0.089083,0.64856,0
0.98908,0.081746,0.12267,-0.065359,0.98908,-0.13213,-0.13213,0.12267,0.98361,0.052024,-0.084922,0.64683,0
0.99004,0.077742,0.1174,-0.062798,0.99004,-0.12602,-0.12602,0.1174,0.98506,0.04969,-0.080881,0.64509,0
0.99093,0.073865,0.11223,-0.060264,0.99093,-0.12009,-0.12009,0.11223,0.9864,0.047411,-0.076958,0.64337,0
0.99176,0.070114,0.10718,-0.057761,0.99176,-0.11431,-0.11431,0.10718,0.98765,0.045189,-0.073155,0.64166,0
0.99254,0.066487,0.10223,-0.055292,0.99254,-0.1087,-0.1087,0.10223,0.9888,0.043024,-0.069468,0.63996,0
0.99325,0.062983,0.0974,-0.052859,0.99325,-0.10325,-0.10325,0.0974,0.98988,0.040915,-0.065898,0.63827,0
0.99391,0.0596,0.092683,-0.050465,0.99391,-0.097956,-0.097956,0.092683,0.99087,0.038864,-0.062443,0.63661,0
0.99452,0.056336,0.088082,-0.048114,0.99452,-0.092829,-0.092829,0.088082,0.99178,0.036872,-0.059101,0.63497,0
0.99508,0.053188,0.083601,-0.045807,0.99508,-0.087863,-0.087863,0.083601,0.99262,0.034937,-0.055872,0.63335,0
0.99559,0.050156,0.07924,-0.043546,0.99559,-0.083057,-0.083057,0.07924,0.99339,0.03306,-0.052755,0.63176,0
0.99606,0.047238,0.075001,-0.041334,0.99606,-0.07841,-0.07841,0.075001,0.9941,0.031241,-0.049747,0.63019,0
0.99649,0.044431,0.070885,-0.039173,0.99649,-0.073921,-0.073921,0.070885,0.99474,0.029481,-0.046848,0.62866,0
0.99689,0.041733,0.066893,-0.037064,0.99689,-0.069589,-0.069589,0.066893,0.99533,0.027779,-0.044056,0.62716,0
0.99724,0.039144,0.063025,-0.03501,0.99724,-0.065412,-0.065412,0.063025,0.99587,0.026135,-0.04137,0.62569,0
0.99757,0.036659,0.059283,-0.033011,0.99757,-0.06139,-0.06139,0.059283,0.99635,0.024548,-0.038789,0.62425,0
0.99786,0.034279,0.055668,-0.03107,0.99786,-0.05752,-0.05752,0.055668,0.99679,0.02302,-0.03631,0.62286,0
0.99812,0.032,0.052178,-0.029188,0.99812,-0.053802,-0.053802,0.052178,0.99719,0.021549,-0.033932,0.6215,0
0.99836,0.029821,0.048816,-0.027365,0.99836,-0.050234,-0.050234,0.048816,0.99754,0.020134,-0.031654,0.62018,0
0.99858,0.02774,0.045579,-0.025603,0.99858,-0.046813,-0.046813,0.045579,0.99786,0.018777,-0.029474,0.6189,0
0.99877,0.025754,0.042469,-0.023903,0.99877,-0.043538,-0.043538,0.042469,0.99815,0.017475,-0.02739,0.61767,0
0.99894,0.023862,0.039486,-0.022265,0.99894,-0.040408,-0.040408,0.039486,0.9984,0.016229,-0.025401,0.61647,0
0.99909,0.022061,0.036627,-0.02069,0.99909,-0.037419,-0.037419,0.036627,0.99863,0.015038,-0.023506,0.61532,0
0.99922,0.02035,0.033894,-0.019178,0.99922,-0.034571,-0.034571,0.033894,0.99883,0.013901,-0.021701,0.61422,0
0.99934,0.018727,0.031284,-0.01773,0.99934,-0.03186,-0.03186,0.031284,0.999,0.012818,-0.019986,0.61316,0
0.99944,0.017189,0.028798,-0.016345,0.99944,-0.029285,-0.029285,0.028798,0.99916,0.011789,-0.018359,0.61214,0
0.99953,0.015734,0.026433,-0.015025,0.99953,-0.026843,-0.026843,0.026433,0.99929,0.010811,-0.016818,0.61117,0
0.9996,0.014361,0.024189,-0.013768,0.9996,-0.024532,-0.024532,0.024189,0.99941,0.0098847,-0.015362,0.61024,0
0.99967,0.013067,0.022064,-0.012574,0.99967,-0.022349,-0.022349,0.022064,0.99951,0.009009,-0.013987,0.60936,0
0.99973,0.011851,0.020056,-0.011444,0.99973,-0.020291,-0.020291,0.020056,0.99959,0.008183,-0.012693,0.60852,0
0.99978,0.010709,0.018164,-0.010376,0.99978,-0.018356,-0.018356,0.018164,0.99967,0.0074056,-0.011477,0.60773,0
0.99982,0.0096406,0.016385,-0.0093695,0.99982,-0.016542,-0.016542,0.016385,0.99973,0.0066759,-0.010338,0.60699,0
0.99985,0.008643,0.014718,-0.0084245,0.99985,-0.014844,-0.014844,0.014718,0.99978,0.0059928,-0.0092731,0.60629,0
0.99988,0.0077141,0.01316,-0.0075396,0.99988,-0.01326,-0.01326,0.01316,0.99983,0.0053553,-0.0082807,0.60563,0
0.99991,0.0068519,0.011708,-0.0067139,0.99991,-0.011788,-0.011788,0.011708,0.99986,0.0047621,-0.0073586,0.60501,0
0.99993,0.0060541,0.010361,-0.0059461,0.99993,-0.010424,-0.010424,0.010361,0.99989,0.004212,-0.0065047,0.60444,0
0.99994,0.0053187,0.0091158,-0.0052351,0.99994,-0.009164,-0.009164,0.0091158,0.99992,0.0037039,-0.0057168,0.60391,0
0.99996,0.0046433,0.0079688,-0.0045795,0.99996,-0.0080056,-0.0080056,0.0079688,0.99994,0.0032365,-0.0049928,0.60342,0
0.99997,0.0040257,0.0069173,-0.0039777,0.99997,-0.0069451,-0.0069451,0.0069173,0.99995,0.0028083,-0.0043302,0.60298,0
0.99998,0.0034638,0.0059583,-0.0034281,0.99998,-0.0059788,-0.0059788,0.0059583,0.99996,0.0024181,-0.0037269,0.60257,0
0.99998,0.002955,0.0050883,-0.0029291,0.99998,-0.0051033,-0.0051033,0.0050883,0.99997,0.0020643,-0.0031804,0.60219,0
0.99999,0.0024972,0.0043039,-0.0024787,0.99999,-0.0043146,-0.0043146,0.0043039,0.99998,0.0017456,-0.0026884,0.60186,0
0.99999,0.002088,0.0036015,-0.002075,0.99999,-0.003609,-0.003609,0.0036015,0.99999,0.0014603,-0.0022483,0.60155,0
0.99999,0.0017248,0.0029773,-0.001716,0.99999,-0.0029824,-0.0029824,0.0029773,0.99999,0.0012069,-0.0018577,0.60129,0
1,0.0014054,0.0024274,-0.0013995,1,-0.0024308,-0.0024308,0.0024274,0.99999,0.00098379,-0.0015139,0.60105,0
1,0.001127,0.0019477,-0.0011233,1,-0.0019499,-0.0019499,0.0019477,1,0.00078925,-0.0012143,0.60084,0
1,0.0008873,0.0015341,-0.00088495,1,-0.0015355,-0.0015355,0.0015341,1,0.00062156,-0.0009561,0.60066,0
1,0.00068351,0.0011823,-0.00068211,1,-0.0011831,-0.0011831,0.0011823,1,0.00047893,-0.00073659,0.60051,0
1,0.00051299,0.00088761,-0.0005122,1,-0.00088807,-0.00088807,0.00088761,1,0.00035953,-0.00055288,0.60038,0
1,0.000373,0.00064557,-0.00037258,1,-0.00064581,-0.00064581,0.00064557,1,0.00026147,-0.00040203,0.60028,0
1,0.00026072,0.00045135,-0.00026052,1,-0.00045147,-0.00045147,0.00045135,1,0.00018279,-0.00028104,0.6002,0
1,0.0001733,0.00030006,-0.00017321,1,-0.00030011,-0.00030011,0.00030006,1,0.00012151,-0.00018681,0.60013,0
1,0.00010777,0.00018662,-0.00010774,1,-0.00018664,-0.00018664,0.00018662,1,7.5573e-05,-0.00011618,0.60008,0
1,6.1121e-05,0.00010585,-6.111e-05,1,-0.00010586,-0.00010586,0.00010585,1,4.2863e-05,-6.5891e-05,0.60005,0
1,3.0257e-05,5.2403e-05,-3.0254e-05,1,-5.2405e-05,-5.2405e-05,5.2403e-05,1,2.122e-05,-3.2619e-05,0.60002,0
1,1.2005e-05,2.0792e-05,-1.2004e-05,1,-2.0792e-05,-2.0792e-05,2.0792e-05,1,8.4192e-06,-1.2942e-05,0.60001,0
1,3.1123e-06,5.3907e-06,-3.1123e-06,1,-5.3907e-06,-5.3907e-06,5.3907e-06,1,2.1828e-06,-3.3553e-06,0.6,0
1,2.4647e-07,4.269e-07,-2.4647e-07,1,-4.269e-07,-4.269e-07,4.269e-07,1,1.7286e-07,-2.6572e-07,0.6,0
